tra_number,area_name,total_rate
001-001,BAKERSFIELD INSIDE,0.01163785
001-002,BAKERSFIELD INSIDE-ROSEDALE,0.01126856
001-003,BAKERSFIELD INSIDE,0.01163785
001-005,BAKERSFIELD INSIDE-GREENFIELD,0.01196692
001-006,BAKERSFIELD INSIDE,0.01163785
001-007,PANAMA - BUENA VISTA,0.01205212
001-008,BAKERSFIELD INSIDE,0.01163785
001-009,BAKERSFIELD INSIDE,0.01163785
001-010,BAKERSFIELD INSIDE-GREENFIELD,0.01159484
001-011,BAKERSFIELD INSIDE,0.01163785
001-012,BAKERSFIELD INSIDE,0.01163785
001-013,BAKERSFIELD INSIDE,0.01163785
001-014,BAKERSFIELD INSIDE,0.01163785
001-015,BAKERSFIELD INSIDE,0.01163785
001-016,BAKERSFIELD INSIDE,0.01163785
001-017,BAKERSFIELD INSIDE-BEARDSLEY,0.01181862
001-018,BAKERSFIELD INSIDE-GREENFIELD,0.01196692
001-019,BAKERSFIELD INSIDE-BEARDSLEY,0.01181862
001-020,BAKERSFIELD INSIDE,0.01163785
001-021,BAKERSFIELD INSIDE,0.01163785
001-022,BAKERSFIELD INSIDE-GREENFIELD,0.01196692
001-024,PANAMA - BUENA VISTA,0.01205212
001-025,PANAMA - BUENA VISTA,0.01205212
001-026,BAKERSFIELD INSIDE,0.01163785
001-027,BAKERSFIELD INSIDE-GREENFIELD,0.01196692
001-028,BAKERSFIELD INSIDE,0.01163785
001-029,BAKERSFIELD INSIDE-FRUITVALE,0.01170983
001-030,BAKERSFIELD INSIDE,0.01163785
001-031,BAKERSFIELD INSIDE,0.01163785
001-032,BAKERSFIELD INSIDE,0.01163785
001-033,PANAMA - BUENA VISTA,0.01205212
001-034,BAKERSFIELD INSIDE,0.01111561
001-035,PANAMA - BUENA VISTA,0.01205212
001-037,BAKERSFIELD INSIDE-FRUITVALE,0.01170983
001-038,BAKERSFIELD INSIDE-FRUITVALE,0.01170983
001-039,BAKERSFIELD INSIDE,0.01163785
001-040,BAKERSFIELD INSIDE,0.01163785
001-041,BAKERSFIELD INSIDE-PANAMA,0.01205212
001-042,BAKERSFIELD INSIDE,0.01163785
001-043,BAKERSFIELD INSIDE-LAKESIDE,0.01116253
001-044,PANAMA - BUENA VISTA,0.01168004
001-045,BAKERSFIELD INSIDE-FRUITVALE,0.01170983
001-046,BAKERSFIELD INSIDE-FRUITVALE,0.01170983
001-047,BAKERSFIELD INSIDE,0.01163785
001-049,PANAMA - BUENA VISTA,0.01205212
001-051,PANAMA - BUENA VISTA,0.01205212
001-052,PANAMA - BUENA VISTA,0.01205212
001-053,BAKERSFIELD INSIDE-BEARDSLEY,0.01181862
001-054,BAKERSFIELD INSIDE-BEARDSLEY,0.01181862
001-055,BAKERSFIELD INSIDE-BEARDSLEY,0.01181862
001-057,BAKERSFIELD INSIDE-FRUITVALE,0.01170983
001-058,BAKERSFIELD INSIDE-FRUITVALE,0.01170983
001-059,PANAMA - BUENA VISTA,0.01205212
001-060,BAKERSFIELD INSIDE-ROSEDALE,0.01126856
001-061,BAKERSFIELD INSIDE-ROSEDALE,0.01126856
001-062,BAKERSFIELD INSIDE-ROSEDALE,0.01126856
001-063,BAKERSFIELD INSIDE-ROSEDALE,0.01126856
001-064,BAKERSFIELD INSIDE-STANDARD,0.01166514
001-065,BAKERSFIELD INSIDE-STANDARD,0.01203722
001-066,BAKERSFIELD INSIDE-STANDARD,0.01166514
001-067,BAKERSFIELD INSIDE-STANDARD,0.01203722
001-068,BAKERSFIELD INSIDE,0.01163785
001-070,BAKERSFIELD INSIDE,0.01111561
001-071,BAKERSFIELD INSIDE,0.01111561
001-072,BAKERSFIELD INSIDE,0.01111561
001-073,BAKERSFIELD INSIDE,0.01126577
001-077,BAKERSFIELD INSIDE,0.01163785
001-078,BAKERSFIELD INSIDE-GREENFIELD,0.01159484
001-080,BAKERSFIELD INSIDE,0.01163785
001-081,BAKERSFIELD INSIDE-LAMONT,0.01141801
001-083,BAKERSFIELD INSIDE-LAMONT,0.01179009
001-084,BAKERSFIELD INSIDE-LAMONT,0.01179009
001-085,BAKERSFIELD INSIDE-GENERAL SHA,0.01113673
001-086,BAKERSFIELD INSIDE-VINELAND,0.01127687
001-088,BAKERSFIELD INSIDE-FAIRFAX,0.01187817
001-089,BAKERSFIELD INSIDE-FAIRFAX,0.01150609
001-090,PANAMA - BUENA VISTA ANX,0.01205212
001-091,PANAMA - BUENA VISTA ANX,0.01205212
001-092,BAKERSFIELD INSIDE,0.01163785
001-093,PANAMA - BUENA VISTA,0.01205212
001-094,BAKERSFIELD INSIDE-GREENFIELD,0.01159484
001-096,PANAMA - BUENA VISTA,0.01205212
001-097,PANAMA - BUENA VISTA,0.01205212
001-099,BAKERSFIELD INSIDE,0.01163785
001-100,BAKERSFIELD INSIDE,0.01163785
001-101,BAKERSFIELD INSIDE-STANDARD,0.01166514
001-103,BAKERSFIELD INSIDE,0.01163785
001-105,BAKERSFIELD INSIDE-BEARDSLEY,0.01181862
001-106,BAKERSFIELD INSIDE-STANDARD,0.01203722
001-107,BAKERSFIELD INSIDE-STANDARD,0.01166514
001-109,BAKERSFIELD INSIDE-R BRAVO-GRE,0.01114751
001-110,BAKERSFIELD INSIDE-R BRAVO-GRE,0.01114751
001-111,BAKERSFIELD INSIDE-FRUITVALE,0.01170983
001-112,BAKERSFIELD INSIDE-ROSEDALE,0.01089648
001-114,BAKERSFIELD INSIDE-ROSEDALE,0.01089648
001-115,BAKERSFIELD INSIDE-FRUITVALE,0.01170983
001-117,BAKERSFIELD INSIDE-GREENFIELD,0.01196692
001-118,BAKERSFIELD INSIDE-GREENFIELD,0.01159484
001-119,PANAMA - BUENA VISTA,0.01205212
001-121,BAKERSFIELD INSIDE,0.01163785
001-126,BAKERSFIELD INSIDE,0.01163785
001-127,BAKERSFIELD INSIDE,0.01163785
001-128,BAKERSFIELD INSIDE,0.01163785
001-129,BAKERSFIELD INSIDE-R BRAVO GRE,0.01114751
001-130,BAKERSFIELD INSIDE-R BRAVO GRE,0.01114751
001-131,BAKERSFIELD INSIDE,0.01163785
001-132,BAKERSFIELD INSIDE,0.01163785
001-133,BAKERSFIELD INSIDE-GREENFIELD,0.01196692
001-134,BAKERSFIELD INSIDE-GREENFIELD,0.01159484
001-135,BAKERSFIELD INSIDE-GREENFIELD,0.01159484
001-136,BAKERSFIELD INSIDE-GREENFIELD,0.01159484
001-137,BAKERSFIELD INSIDE,0.01163785
001-138,BAKERSFIELD INSIDE,0.01163785
001-139,BAKERSFIELD INSIDE,0.01163785
001-142,BAKERSFIELD INSIDE-FRUITVALE,0.01170983
001-144,PANAMA - BUENA VISTA,0.01205212
001-147,PANAMA - BUENA VISTA,0.01205212
001-148,PANAMA - BUENA VISTA,0.01205212
001-149,PANAMA - BUENA VISTA,0.01168004
001-150,BAKERSFIELD INSIDE-LAKESIDE,0.01116253
001-151,BAKERSFIELD INSIDE-FRUITVALE,0.01170983
001-152,BAKERSFIELD INSIDE,0.01163785
001-153,PANAMA - BUENA VISTA,0.01205212
001-154,PANAMA - BUENA VISTA,0.01205212
001-155,BAKERSFIELD INSIDE,0.01111561
001-156,BAKERSFIELD INSIDE,0.01126577
001-157,BAKERSFIELD INSIDE,0.01163785
001-158,BAKERSFIELD INSIDE-FRUITVALE,0.01170983
001-159,BAKERSFIELD INSIDE-FRUITVALE,0.01170983
001-160,BAKERSFIELD INSIDE-FRUITVALE,0.01170983
001-161,BAKERSFIELD INSIDE-FRUITVALE,0.01170983
001-162,PANAMA - BUENA VISTA,0.01205212
001-164,PANAMA - BUENA VISTA,0.01205212
001-165,PANAMA - BUENA VISTA,0.01205212
001-167,PANAMA - BUENA VISTA,0.01205212
001-168,PANAMA - BUENA VISTA,0.01205212
001-169,PANAMA - BUENA VISTA,0.01205212
001-170,PANAMA - BUENA VISTA,0.01205212
001-171,PANAMA - BUENA VISTA,0.01205212
001-172,PANAMA - BUENA VISTA,0.01205212
001-173,PANAMA - BUENA VISTA,0.01205212
001-174,PANAMA - BUENA VISTA,0.01205212
001-175,PANAMA - BUENA VISTA,0.01205212
001-176,PANAMA - BUENA VISTA,0.01205212
001-177,PANAMA - BUENA VISTA,0.01205212
001-178,PANAMA - BUENA VISTA,0.01205212
001-179,PANAMA - BUENA VISTA,0.01205212
001-180,PANAMA - BUENA VISTA,0.01205212
001-181,PANAMA - BUENA VISTA,0.01205212
001-182,PANAMA - BUENA VISTA,0.01205212
001-183,PANAMA - BUENA VISTA,0.01205212
001-184,BAKERSFIELD INSIDE,0.01163785
001-185,BAKERSFIELD INSIDE,0.01163785
001-186,BAKERSFIELD INSIDE,0.01163785
001-187,BAKERSFIELD INSIDE,0.01163785
001-189,BAKERSFIELD INSIDE,0.01163785
001-190,PANAMA - BUENA VISTA ANX,0.01205212
001-192,BAKERSFIELD INSIDE,0.01163785
001-193,BAKERSFIELD INSIDE,0.01163785
001-194,BAKERSFIELD INSIDE,0.01163785
001-196,BAKERSFIELD INSIDE,0.01163785
001-197,BAKERSFIELD INSIDE,0.01163785
001-198,BAKERSFIELD INSIDE-BEARDSLEY,0.01181862
001-201,PANAMA - BUENA VISTA,0.01205212
001-202,PANAMA - BUENA VISTA,0.01205212
001-203,PANAMA - BUENA VISTA,0.01205212
001-204,PANAMA - BUENA VISTA,0.01205212
001-205,PANAMA - BUENA VISTA,0.01168004
001-206,BAKERSFIELD INSIDE-ROSEDALE,0.01126856
001-207,BAKERSFIELD INSIDE-LAKESIDE,0.01116253
001-209,BAKERSFIELD INSIDE-GREENFIELD,0.01196692
001-210,BAKERSFIELD INSIDE-GREENFIELD,0.01196692
001-211,BAKERSFIELD INSIDE-GREENFIELD,0.01159484
001-213,PANAMA - BUENA VISTA,0.01168004
001-214,PANAMA - BUENA VISTA,0.01205212
001-215,PANAMA - BUENA VISTA,0.01205212
001-217,BAKERSFIELD INSIDE-FRUITVALE,0.01170983
001-219,BAKERSFIELD INSIDE-FRUITVALE,0.01170983
001-220,BAKERSFIELD INSIDE-FRUITVALE,0.01170983
001-221,BAKERSFIELD INSIDE-FRUITVALE,0.01170983
001-225,BAKERSFIELD INSIDE-NORRIS,0.01146977
001-227,BAKERSFIELD INSIDE-GREENFIELD,0.01159484
001-228,BAKERSFIELD INSIDE-GREENFIELD,0.01159484
001-229,BAKERSFIELD INSIDE,0.01163785
001-231,BAKERSFIELD INSIDE-GREENFIELD,0.01159484
001-232,PANAMA - BUENA VISTA,0.01205212
001-235,BAKERSFIELD INSIDE,0.01163785
001-237,BAKERSFIELD INSIDE,0.01163785
001-238,BAKERSFIELD INSIDE-BEARDSLEY,0.01181862
001-243,BAKERSFIELD INSIDE,0.01163785
001-244,BAKERSFIELD INSIDE,0.01163785
001-245,BAKERSFIELD INSIDE,0.01163785
001-247,PANAMA-BUENA VISTA ANX,0.01205212
001-248,BAKERSFIELD INSIDE-FAIRFAX,0.01187817
001-249,BAKERSFIELD INSIDE-FAIRFAX,0.01187817
001-250,BAKERSFIELD INSIDE-FAIRFAX,0.01187817
001-251,BAKERSFIELD INSIDE-FAIRFAX,0.01187817
001-256,BAKERSFIELD INSIDE-GREENFIELD,0.01159484
001-257,BAKERSFIELD INSIDE-FAIRFAX,0.01150609
001-258,BAKERSFIELD INSIDE-FAIRFAX,0.01187817
001-261,BAKERSFIELD INSIDE-GREENFIELD,0.01159484
001-262,BAKERSFIELD INSIDE-FRUITVALE,0.01170983
001-263,BAKERSFIELD INSIDE-GREENFIELD,0.01159484
001-264,BAKERSFIELD INSIDE,0.01163785
001-266,BAKERSFIELD INSIDE,0.01163785
001-267,BAKERSFIELD INSIDE-FRUITVALE,0.01170983
001-268,BAKERSFIELD INSIDE-FRUITVALE,0.01170983
001-269,BAKERSFIELD INSIDE-FRUITVALE,0.01170983
001-271,BAKERSFIELD INSIDE-FRUITVALE,0.01170983
001-272,BAKERSFIELD INSIDE-ROSEDALE,0.01089648
001-275,BAKERSFIELD INSIDE,0.01163785
001-276,BAKERSFIELD INSIDE,0.01163785
001-277,BAKERSFIELD INSIDE,0.01163785
001-279,BAKERSFIELD INSIDE,0.01163785
001-281,BAKERSFIELD INSIDE,0.01163785
001-282,BAKERSFIELD INSIDE,0.01163785
001-283,BAKERSFIELD INSIDE-ROSEDALE,0.01126856
001-284,PANAMA - BUENA VISTA,0.01168004
001-286,BAKERSFIELD INSIDE - ROSEDALE,0.01089648
001-287,BAKERSFIELD INSIDE - ROSEDALE,0.01126856
001-288,BAKERSFIELD INSIDE - ROSEDALE,0.01126856
001-289,BAKERSFIELD INSIDE - ROSEDALE,0.01089648
001-290,BAKERSFIELD INSIDE - LAKESIDE,0.01116253
001-291,PANAMA - BUENA VISTA,0.01168004
001-292,BAKERSFIELD INSIDE-FRUITVALE,0.01170983
001-293,BAKERSFIELD INSIDE-NORRIS,0.01146977
001-295,BAKERSFIELD INSIDE-N0RRIS,0.01109769
001-296,BAKERSFIELD INSIDE-ROSEDALE,0.01126856
001-297,BAKERSFIELD INSIDE-ROSEDALE,0.01089648
001-300,BAKERSFIELD INSIDE-GREENFIELD,0.01159484
001-302,BAKERSFIELD INSIDE,0.01163785
001-305,BAKERSFIELD INSIDE-BEARDSLEY,0.01181862
001-306,PANAMA - BUENA VISTA,0.01168004
001-307,PANAMA - BUENA VISTA,0.01168004
001-309,PANAMA - BUENA VISTA,0.01168004
001-310,PANAMA - BUENA VISTA,0.01168004
001-311,PANAMA - BUENA VISTA,0.01168004
001-314,PANAMA - BUENA VISTA,0.01168004
001-315,PANAMA - BUENA VISTA,0.01168004
001-316,BAKERSFIELD INSIDE - FAIRFAX,0.01187817
001-318,BAKERSFIELD INSIDE-GREENFIELD,0.01159484
001-319,BAKERSFIELD INSIDE-GREENFIELD,0.01159484
001-320,BAKERSFIELD INSIDE-GREENFIELD,0.01159484
001-322,BAKERSFIELD INSIDE-GREENFIELD,0.01159484
001-323,BAKERSFIELD INSIDE-GREENFIELD,0.01196692
001-327,PANAMA-BUENA VISTA ANX,0.01205212
001-328,BAKERSFIELD INSIDE,0.01163785
001-329,BAKERSFIELD INSIDE,0.01163785
001-332,PANAMA - BUENA VISTA,0.01168004
001-333,PANAMA - BUENA VISTA,0.01168004
001-334,BAKERSFIELD INSIDE-GREENFIELD,0.01159484
001-335,BAKERSFIELD INSIDE-GREENFIELD,0.01159484
001-336,BAKERSFIELD INSIDE-ROSEDALE,0.01089648
001-337,BAKERSFIELD INSIDE-LAKESIDE,0.01116253
001-339,BAKERSFIELD INSIDE-GREENFIELD,0.01159484
001-340,BAKERSFIELD INSIDE-GREENFIELD,0.01159484
001-341,BAKERSFIELD INSIDE-GREENFIELD,0.01159484
001-342,BAKERSFIELD INSIDE-FRUITVALE,0.01170983
001-343,PANAMA - BUENA VISTA ANX,0.01168004
001-344,PANAMA-BUENA VISTA ANX,0.01205212
001-345,PANAMA - BUENA VISTA ANX,0.01168004
001-346,PANAMA-BUENA VISTA,0.01205212
001-347,PANAMA - BUENA VISITA,0.01205212
001-348,BAKERSFIELD INSIDE-LAKESIDE,0.01116253
001-349,BAKERSFIELD INSIDE-ROSEDALE,0.01089648
001-351,BAKERSFIELD INSIDE-GREENFIELD,0.01159484
001-353,BAKERSFIELD INSIDE-FRUITVALE,0.01170983
001-354,PANAMA - BUENA VISTA,0.01168004
001-359,BAKERSFIELD INSIDE-ROSEDALE,0.01089648
001-360,BAKERSFIELD INSIDE-ROSEDALE,0.01089648
001-361,BAKERSFIELD INSIDE,0.01163785
001-362,BAKERSFIELD INSIDE-ROSEDALE,0.01089648
001-363,BAKERSFIELD INSIDE-GREENFIELD,0.01159484
001-364,BAKERSFIELD INSIDE-GREENFIELD,0.01159484
001-365,BAKERSFIELD INSIDE-GREENFIELD,0.01159484
001-366,BAKERSFIELD INSIDE-GREENFIELD,0.01159484
001-368,BAKERSFIELD INSIDE-NORRIS,0.01146977
001-369,BAKERSFIELD INSIDE-FRUITVALE,0.01170983
001-374,BAKERSFIELD INSIDE-GREENFIELD,0.01159484
001-375,PANAMA - BUENA VISTA,0.01168004
001-376,BAKERSFIELD INSIDE,0.01163785
001-379,BAKERSFIELD INSIDE-ROSEDALE,0.01089648
001-381,BAKERSFIELD INSIDE-FRUITVALE,0.01170983
001-382,BAKERSFIELD INSIDE-FRUITVALE,0.01170983
001-383,BAKERSFIELD INSIDE-FRUITVALE,0.01170983
001-384,BAKERSFIELD INSIDE-FRUITVALE,0.01170983
001-386,BAKERSFIELD INSIDE-R BRAVO-GRE,0.01114751
001-387,BAKERSFIELD INSIDE-GREENFIELD,0.01159484
001-389,BAKERSFIELD INSIDE-ROSEDALE,0.01126856
001-390,BAKERSFIELD INSIDE-NORRIS,0.01146977
001-392,BAKERSFIELD INSIDE,0.01163785
001-393,BAKERSFIELD INSIDE,0.01163785
001-394,BAKERSFIELD INSIDE,0.01163785
001-396,BAKERSFIELD INSIDE ROSEDALE,0.01126856
001-397,BAKERSFIELD INSIDE ROSEDALE,0.01089648
001-399,BAKERSFIELD INSIDE-FRUITVALE,0.01170983
001-403,BAKERSFIELD INSIDE,0.01163785
001-404,BAKERSFIELD INSIDE,0.01163785
001-405,BAKERSFIELD INSIDE,0.01163785
001-407,BAKERSFIELD INSIDE,0.01163785
001-409,BAKERSFIELD INSIDE,0.01163785
001-410,BAKERSFIELD INSIDE,0.01163785
001-411,BAKERSFIELD INSIDE,0.01163785
001-413,BAKERSFIELD INSIDE - PANAMA,0.01168004
001-416,BAKERSFIELD INSIDE - ROSEDALE,0.01126856
001-419,FRUITVALE,0.01170983
001-420,FRUITVALE,0.01170983
001-421,BAKERSFIELD OUTSIDE,0.01111561
001-422,BAKERSFIELD OUTSIDE,0.01126577
001-425,FRUITVALE,0.01170983
001-428,BAKERSFIELD INSIDE,0.01163785
001-429,BAKERSFIELD INSIDE,0.01163785
001-430,BAKERSFIELD INSIDE,0.01111561
001-431,BAKERSFIELD INSIDE,0.01163785
001-432,BAKERSFIELD INSIDE,0.01163785
001-434,BAKERSFIELD INSIDE,0.01163785
001-435,BAKERSFIELD INSIDE-NORRIS,0.01146977
001-437,BAKERSFIELD INSIDE,0.01163785
001-438,BAKERSFIELD INSIDE,0.01163785
001-439,BAKERSFIELD INSIDE,0.01163785
001-440,BAKERSFIELD INSIDE,0.01163785
001-442,BAKERSFIELD INSIDE,0.01163785
001-443,BAKERSFIELD INSIDE,0.01163785
001-444,BAKERSFIELD INSIDE,0.01163785
001-445,BAKERSFIELD INSIDE,0.01163785
001-446,BAKERSFIELD INSIDE,0.01163785
001-447,BAKERSFIELD INSIDE - BEARDSLEY,0.01181862
001-448,BAKERSFIELD INSIDE - BEARDSLEY,0.01181862
001-452,BAKERSFIELD INSIDE - BEARDSLEY,0.01181862
001-464,BAKERSFIELD INSIDE-NORRIS,0.01109769
001-466,BAKERSFIELD INSIDE,0.01163785
001-467,PANAMA - BUENA VISTA,0.01168004
001-468,BAKERSFIELD INSIDE,0.01163785
001-469,BAKERSFIELD INSIDE-GREENFIELD,0.01196692
001-470,BAKERSFIELD INSIDE - FRUITVALE,0.01133775
001-471,BAKERSFIELD INSIDE - FRUITVALE,0.01170983
001-473,BAKERSFIELD INSIDE,0.01146977
001-475,BAKERSFIELD INSIDE,0.01163785
001-476,BAKERSFIELD INSIDE,0.01159484
001-482,BAKERSFIELD INSIDE - ROSEDALE,0.01089648
001-483,BAKERSFIELD INSIDE-GREENFIELD,0.01159484
001-484,BAKERSFIELD INSIDE-GREENFIELD,0.01196692
001-485,BAKERSFIELD INSIDE-GREENFIELD,0.01196692
001-489,PANAMA - BUENA VISTA,0.01168004
001-490,PANAMA - BUENA VISTA,0.01168004
001-492,PANAMA - BUENA VISTA,0.01205212
001-493,BAKERSFIELD INSIDE - GRN WTR,0.01168004
001-495,BAKERSFIELD INSIDE,0.01163785
001-496,BAKERSFIELD INSIDE,0.01163785
001-497,BAKERSFIELD INSIDE,0.01163785
001-499,BAKERSFIELD INSIDE,0.01163785
001-500,BAKERSFIELD INSIDE,0.01163785
001-503,BAKERSFIELD INSIDE,0.01163785
001-504,BAKERSFIELD INSIDE,0.01163785
001-505,BAKERSFIELD INSIDE,0.01163785
001-506,BAKERSFIELD INSIDE,0.01163785
001-507,BAKERSFIELD INSIDE,0.01163785
001-508,BAKERSFIELD INSIDE - FAIRFAX,0.01187817
001-509,BAKERSFIELD INSIDE - FAIRFAX,0.01187817
001-510,BAKERSFIELD INSIDE - FAIRFAX,0.01187817
001-511,BAKERSFIELD INSIDE,0.01163785
001-512,BAKERSFIELD INSIDE,0.01163785
001-513,BAKERSFIELD INSIDE,0.01163785
001-514,BAKERSFIELD INSIDE,0.01163785
001-515,BAKERSFIELD INSIDE,0.01163785
001-516,BAKERSFIELD INSIDE,0.01163785
001-517,BAKERSFIELD INSIDE,0.01163785
001-518,BAKERSFIELD INSIDE -FRUITVALE,0.01170983
001-519,BAKERSFIELD INSIDE-GREENFIELD,0.01159484
001-520,BAKERSFIELD INSIDE -ROSEDALE,0.01089648
001-521,BAKERSFIELD INSIDE,0.01111561
001-522,BAKERSFIELD INSIDE - FRUITVALE,0.01170983
001-523,BAKERSFIELD INSIDE -GREENFIELD,0.01159484
001-524,BAKERSFIELD INSIDE -GREENFIELD,0.01159484
001-525,BAKERSFIELD INSIDE - ROSEDALE,0.01126856
001-526,BAKERSFIELD INSIDE,0.01163785
001-527,BAKERSFIELD INSIDE,0.01163785
001-528,BAKERSFIELD INSIDE,0.01163785
001-530,BAKERSFIELD INSIDE - FRUITVALE,0.01170983
001-531,BAKERSFIELD INSIDE - BEARDSLEY,0.01181862
001-532,BAKERSFIELD INSIDE - FRUITVALE,0.01170983
001-533,BAKERSFIELD INSIDE - VINELAND,0.01127687
001-537,BAKERSFIELD INSIDE-GREENFIELD,0.01159484
001-538,BAKERSFIELD INSIDE - ROSEDALE,0.01089648
001-539,BAKERSFIELD INSIDE - ROSEDALE,0.01089648
001-540,BAKERSFIELD INSIDE - FRUITVALE,0.01170983
001-541,BAKERSFIELD INSIDE - BEARDSLEY,0.01181862
001-543,BAKERSFIELD INSIDE - ROSEDALE,0.01089648
001-545,BAKERSFIELD INSIDE - FRUITVALE,0.01170983
001-546,BAKERSFIELD INSIDE - ROSEDALE,0.01126856
001-550,BAKERSFIELD INSIDE - ROSEDALE,0.01126856
001-551,BAKERSFIELD INSIDE - ROSEDALE,0.01126856
001-553,BAKERSFIELD INSIDE - FRUITVALE,0.01170983
001-554,BAKERSFIELD INSIDE - ROSEDALE,0.01089648
001-556,BAKERSFIELD INSIDE - NORRIS,0.01109769
001-557,BAKERSFIELD INSIDE - NORRIS,0.01109769
001-558,BAKERSFIELD INSIDE - NORRIS,0.01109769
001-559,BAKERSFIELD INSIDE - PANAMA BV,0.01168004
001-560,BAKERSFIELD INSIDE - NORRIS,0.01109769
001-561,BAKERSFIELD INSIDE - NORRIS,0.01109769
001-562,BAKERSFIELD INSIDE,0.01163785
001-563,BAKERSFIELD INSIDE - NORRIS,0.01109769
001-564,BAKERSFIELD INSIDE -GREENFIELD,0.01159484
001-565,BAKERSFIELD INSIDE -GREENFIELD,0.01159484
001-566,BAKERSFIELD INSIDE -GREENFIELD,0.01159484
001-569,BAKERSFIELD INSIDE -GREENFIELD,0.01159484
001-570,BAKERSFIELD INSIDE - ROSEDALE,0.01089648
001-571,BAKERSFIELD INSIDE - ROSEDALE,0.01089648
001-572,BAKERSFIELD INSIDE -GREENFIELD,0.01159484
001-574,BAKERSFIELD INSIDE - NORRIS,0.01109769
001-575,BAKERSFIELD INSIDE,0.01163785
001-577,BAKERFIELD INSIDE-ROSEDALE,0.01089648
001-578,BAKERFIELD INSIDE-NORRIS,0.01109769
001-579,BAKERFIELD INSIDE-PANAMA BV,0.01168004
001-580,BAKERFIELD INSIDE-FAIRFAX,0.01187817
001-581,BAKERFIELD INSIDE,0.01163785
001-586,BAKERSFIELD INSIDE-GREENFIELD,0.01196692
001-587,BAKERSFIELD INSIDE-NORRIS,0.01109769
001-589,BAKERSFIELD INSIDE-GREENFIELD,0.01196692
001-590,BAKERSFIELD INSIDE-ROSEDALE,0.01089648
001-593,BAKERSFIELD INSIDE-FAIRFAX,0.01187817
001-594,BAKERSFIELD INSIDE-NORRIS,0.01109769
001-598,BAKERSFIELD INSIDE-GREENFIELD,0.01159484
001-599,BAKERSFIELD INSIDE-ROSEDALE,0.01089648
001-603,BAKERSFIELD INSIDE-ROSEDALE,0.01089648
001-604,BAKERSFIELD INSIDE-LAKESIDE,0.01116253
001-605,BAKERSFIELD INSIDE-FRUITVALE,0.01170983
001-606,BAKERSFIELD INSIDE-PANAMA BV,0.01168004
001-607,BAKERSFIELD INSIDE-FAIRFAX,0.01187817
001-608,BAKERSFIELD INSIDE-FAIRFAX,0.01187817
001-609,BAKERSFIELD INSIDE-FAIRFAX,0.01187817
001-611,BAKERSFIELD INSIDE-NORRIS,0.01109769
001-612,BAKERSFIELD INSIDE - FAIRFAX,0.01187817
001-613,BAKERSFIELD INSIDE-GREENFIELD,0.01159484
001-614,BAKERSFIELD INSIDE-LAKESIDE,0.01116253
001-615,BAKERSFIELD INSIDE-ROSEDALE,0.01089648
001-616,BAKERSFIELD INSIDE-FRUITVALE,0.01170983
001-617,BAKERSFIELD INSIDE-FRUITVALE,0.01170983
001-618,BAKERSFIELD INSIDE-FRUITVALE,0.01170983
001-619,BAKERSFIELD INSIDE - NORRIS,0.01109769
001-620,BAKERSFIELD INSIDE - PANAMA BV,0.01168004
001-621,BAKERSFIELD INSIDE - PANAMA BV,0.01168004
001-622,BAKERSFIELD INSIDE-FRUITVALE,0.01170983
001-623,BAKERSFIELD INSIDE-GREENFIELD,0.01159484
001-624,BAKERSFIELD INSIDE - ROSEDALE,0.01089648
001-625,BAKERSFIELD INSIDE - NORRIS,0.01109769
001-626,BAKERSFIELD INSIDE,0.01163785
001-627,BAKERSFIELD INSIDE-PANAMA BV,0.01168004
001-628,BAKERSFIELD INSIDE-PANAMA BV,0.01168004
001-629,BAKERSFIELD INSIDE-FRUITVALE,0.01133775
001-630,BAKERSFIELD INSIDE-FRUITVALE,0.01170983
001-631,BAKERSFIELD INSIDE-GREENFIELD,0.01159484
001-633,BAKERSFIELD INSIDE-ROSEDALE,0.01089648
001-634,BAKERSFIELD INSIDE - NORRIS,0.01109769
001-636,BAKERSFIELD INSIDE - PANAMA BV,0.01168004
001-637,BAKERSFIELD INSIDE-GREENFIELD,0.01159484
001-638,BAKERSFIELD INSIDE-PANAMA BV,0.01168004
001-639,BAKERSFIELD INSIDE-LAKESIDE,0.01116253
001-640,BAKERSFIELD INSIDE,0.01111561
001-641,BAKERSFIELD INSIDE-NORRIS,0.01109769
001-642,BAKERSFIELD INSIDE-FRUITVALE,0.01170983
001-643,BAKERSFIELD INSIDE-ROSEDALE,0.01089648
001-644,BAKERSFIELD INSIDE-NORRIS,0.01109769
001-645,BAKERSFIELD INSIDE-LAKESIDE,0.01116253
001-646,BAKERSFIELD INSIDE-GREENFIELD,0.01159484
001-647,BAKERSFIELD INSIDE-FRUITVALE,0.01170983
001-648,BAKERSFIELD INSIDE-PANAMA BV,0.01168004
001-649,BAKERSFIELD INSIDE-NORRIS,0.01109769
001-651,BAKERSFIELD INSIDE-GREENFIELD,0.01159484
001-652,BAKERSFIELD INSIDE,0.01163785
001-654,BAKERSFIELD INSIDE,0.01163785
001-656,BAKERSFIELD INSIDE-LAKESIDE,0.01116253
001-657,BAKERSFIELD INSIDE-PANAMA BV,0.01168004
001-659,BAKERSFIELD INSIDE-PANAMA BV,0.01168004
001-661,BAKERSFIELD INSIDE-NORRIS,0.01109769
001-662,BAKERSFIELD OUTSIDE,0.01163785
001-663,BAKERSFIELD OUTSIDE,0.01111561
001-664,BAKERSFIELD INSIDE-LAKESIDE,0.01116253
001-665,BAKERSFIELD INSIDE-NORRIS,0.01109769
001-668,BAKERSFIELD INSIDE-NORRIS,0.01109769
001-669,BAKERSFIELD INSIDE-NORRIS,0.01109769
001-671,BAKERSFIELD INSIDE-PANAMA BV,0.01168004
001-672,BAKERSFIELD INSIDE-PANAMA BV,0.01168004
001-673,BAKERSFIELD INSIDE-LAKESIDE,0.01116253
001-674,BAKERSFIELD OUTSIDE,0.01163785
001-675,BAKERSFIELD OUTSIDE,0.01163785
001-676,BAKERSFIELD INSIDE-PANAMA BV,0.01168004
001-677,BAKERSFIELD INSIDE-PANAMA BV,0.01168004
001-678,BAKERSFIELD INSIDE-PANAMA BV,0.01168004
001-679,BAKERSFIELD INSIDE-PANAMA BV,0.01168004
001-680,BAKERSFIELD INSIDE-LAKESIDE,0.01116253
001-681,BAKERSFIELD INSIDE-GREENFIELD,0.01159484
001-682,BAKERSFIELD INSIDE-NORRIS,0.01109769
001-684,BAKERSFIELD INSIDE-NORRIS,0.01109769
001-685,BAKERSFIELD INSIDE-ROSEDALE,0.01089648
001-687,BAKERSFIELD INSIDE-ROSEDALE,0.01089648
001-688,BAKERSFIELD INSIDE-NORRIS,0.01109769
001-689,BAKERSFIELD INSIDE-GREENFIELD,0.01159484
001-690,BAKERSFIELD INSIDE-GREENFIELD,0.01159484
001-691,BAKERSFIELD INSIDE-NORRIS,0.01109769
001-692,BAKERSFIELD OUTSIDE,0.01126577
001-693,BAKERSFIELD INSIDE-PANAMA BV,0.01168004
001-694,BAKERSFIELD INSIDE-PANAMA BV,0.01168004
001-695,BAKERSFIELD INSIDE-PANAMA BV,0.01168004
001-696,BAKERSFIELD INSIDE-NORRIS,0.01109769
001-697,BAKERSFIELD INSIDE-ROSEDALE,0.01089648
001-698,BAKERSFIELD INSIDE-NORRIS,0.01109769
001-699,BAKERSFIELD INSIDE-NORRIS,0.01109769
001-701,BAKERSFIELD INSIDE-GREENFIELD,0.01159484
001-702,BAKERSFIELD INSIDE-FRUITVALE,0.01170983
001-703,BAKERSFIELD INSIDE-GREENFIELD,0.01159484
001-704,BAKERSFIELD INSIDE-NORRIS,0.01109769
001-705,BAKERSFIELD INSIDE-GREENFIELD,0.01159484
001-706,BAKERSFIELD INSIDE-NORRIS,0.01109769
001-714,BAKERSFIELD INSIDE-ROSEDALE,0.01089648
001-718,BAKERSFIELD INSIDE-FRUITVALE,0.01133775
001-720,BAKERSFIELD INSIDE-NORRIS,0.01109769
001-721,BAKERSFIELD INSIDE-LAKESIDE,0.01116253
001-722,BAKERSFIELD INSIDE-NORRIS,0.01109769
001-723,BAKERSFIELD INSIDE-GREENFIELD,0.01196692
001-724,BAKERSFIELD INSIDE-NORRIS,0.01109769
001-725,BAKERSFIELD INSIDE-ROSEDALE,0.01089648
001-727,BAKERSFIELD INSIDE-FAIRFAX,0.01150609
001-731,BAKERSFIELD INSIDE-ROSEDALE,0.01089648
001-732,BAKERSFIELD INSIDE-ROSEDALE,0.01089648
001-733,BAKERSFIELD INSIDE-NORRIS,0.01109769
001-734,BAKERSFIELD INSIDE-RIO BRAVO G,0.01114751
001-737,BAKERSFIELD INSIDE,0.01163785
001-738,BAKERSFIELD INSIDE-GREENFIELD,0.01159484
001-739,BAKERSFIELD INSIDE-GREENFIELD,0.01159484
001-740,BAKERSFIELD INSIDE-GREENFIELD,0.01159484
001-741,BAKERSFIELD INSIDE-GREENFIELD,0.01159484
001-742,BAKERSFIELD INSIDE-GREENFIELD,0.01159484
001-743,BAKERSFIELD INSIDE-PANAMA BV,0.01168004
001-745,BAKERSFIELD INSIDE-GREENFIELD,0.01159484
001-747,BAKERSFIELD INSIDE-GREENFIELD,0.01159484
001-748,BAKERSFIELD INSIDE-GREENFIELD,0.01159484
001-749,BAKERSFIELD INSIDE-GREENFIELD,0.01159484
001-750,BAKERSFIELD INSIDE-FAIRFAX,0.01150609
001-752,BAKERSFIELD INSIDE-NORRIS,0.01109769
001-753,BAKERSFIELD INSIDE-NORRIS,0.01109769
001-754,BAKERSFIELD INSIDE-LAKESIDE,0.01116253
001-755,BAKERSFIELD INSIDE-PANAMA BV,0.01168004
001-756,BAKERSFIELD INSIDE,0.01163785
001-757,BAKERSFIELD INSIDE,0.01163785
001-761,BAKERSFIELD INSIDE-NORRIS,0.01109769
001-762,BAKERSFIELD INSIDE-PANAMA BV,0.01168004
001-763,BAKERSFIELD INSIDE-PANAMA BV,0.01168004
001-764,BAKERSFIELD INSIDE-LAKESIDE,0.01116253
001-765,BAKERSFIELD INSIDE-PANAMA BV,0.01168004
001-767,BAKERSFIELD INSIDE-FAIRFAX,0.01150609
001-768,BAKERSFIELD INSIDE-NORRIS,0.01109769
001-769,BAKERSFIELD INSIDE,0.01163785
001-770,BAKERSFIELD INSIDE,0.01163785
001-771,BAKERSFIELD INSIDE,0.01163785
001-772,BAKERSFIELD INSIDE-NORRIS,0.01146977
001-773,BAKERSFIELD INSIDE-NORRIS,0.01146977
001-774,BAKERSFIELD INSIDE-NORRIS,0.01146977
001-775,BAKERSFIELD INSIDE-LAKESIDE,0.01116253
001-776,BAKERSFIELD INSIDE-PANAMA BV,0.01205212
001-777,BAKERSFIELD INSIDE,0.01163785
001-778,BAKERSFIELD INSIDE,0.01163785
001-779,BAKERSFIELD INSIDE-LAKESIDE,0.01116253
001-781,BAKERSFIELD INSIDE,0.01163785
001-782,BAKERSFIELD INSIDE-GREENFIELD,0.01159484
001-783,BAKERSFIELD INSIDE,0.01163785
001-785,BAKERSFIELD INSIDE,0.01163785
001-788,BAKERSFIELD INSIDE,0.01163785
001-789,BAKERSFIELD INSIDE,0.01163785
001-790,BAKERSFIELD INSIDE,0.01163785
001-792,BAKERSFIELD INSIDE,0.01163785
001-793,BAKERSFIELD INSIDE,0.01163785
001-794,BAKERSFIELD INSIDE,0.01163785
001-796,BAKERSFIELD INSIDE-PANAMA BV,0.01168004
001-797,BAKERSFIELD INSIDE-FAIRFAX,0.01187817
001-798,BAKERSFIELD INSIDE-FAIRFAX,0.01187817
001-799,BAKERSFIELD INSIDE-GREENFIELD,0.01159484
001-801,BAKERSFIELD INSIDE-LAMONT,0.01179009
001-803,BAKERSFIELD INSIDE-ROSEDALE,0.01089648
001-804,BAKERSFIELD INSIDE-ROSEDALE,0.01089648
001-805,BAKERSFIELD INSIDE-PANAMA BV,0.01168004
001-806,BAKERSFIELD INSIDE-PANAMA BV,0.01168004
001-809,BAKERSFIELD INSIDE-GREENFIELD,0.01159484
001-811,BAKERSFIELD INSIDE-NORRIS,0.01146977
001-812,BAKERSFIELD INSIDE-NORRIS,0.01146977
001-813,BAKERSFIELD INSIDE-PANAMA BV,0.01168004
001-816,BAKERSFIELD INSIDE,0.01163785
001-818,BAKERSFIELD INSIDE-NORRIS,0.01109769
001-819,BAKERSFIELD INSIDE-EDISON,0.01199609
001-820,BAKERSFIELD INSIDE,0.01163785
001-821,BAKERSFIELD INSIDE-ROSEDALE,0.01089648
001-822,BAKERSFIELD INSIDE-PANAMA BV,0.01168004
001-823,BAKERSFIELD INSIDE-PANAMA BV,0.01168004
001-824,BAKERSFIELD INSIDE-LAKESIDE,0.01116253
001-825,BAKERSFIELD INSIDE-ROSEDALE,0.01089648
001-826,BAKERSFIELD INSIDE-LAKESIDE,0.01116253
001-827,BAKERSFIELD INSIDE-ROSEDALE,0.01089648
001-828,BAKERSFIELD INSIDE-ROSEDALE,0.01089648
001-829,BAKERSFIELD INSIDE-LAKESIDE,0.01116253
001-830,BAKERSFIELD INSIDE-PANAMA BV,0.01168004
001-831,BAKERSFIELD INSIDE-PANAMA BV,0.01168004
001-832,BAKERSFIELD INSIDE-PANAMA BV,0.01168004
001-833,BAKERSFIELD INSIDE-RIO BRAVO G,0.01114751
001-834,BAKERSFIELD INSIDE-PANAMA BV,0.01168004
001-835,BAKERSFIELD INSIDE-RIO BRAVO G,0.01114751
001-836,BAKERSFIELD INSIDE-PANAMA BV,0.01168004
001-837,BAKERSFIELD INSIDE-ROSEDALE,0.01089648
001-838,BAKERSFIELD INSIDE-RIO BRAVO G,0.01114751
001-839,BAKERSFIELD INSIDE-ROSEDALE,0.01089648
001-840,BAKERSFIEL INSIDE-NORRIS,0.01109769
001-841,BAKERSFIELD INSIDE-ROSEDALE,0.01089648
001-842,BAKERSFIELD INSIDE-PANAMA BV,0.01168004
001-843,BAKERSFIELD INSIDE-GREENFIELD,0.01159484
001-844,BAKERSFIELD INSIDE-GREENFIELD,0.01159484
001-845,BAKERSFIELD INSIDE-NORRIS,0.01109769
001-847,BAKERSFIELD INSIDE-ROSEDALE,0.01089648
001-853,BAKERSFIELD INSIDE-FRUITVALE,0.01170983
001-854,BAKERSFIELD INSIDE-FRUITVALE,0.01170983
001-855,BAKERSFIELD INSIDE-FRUITVALE,0.01170983
001-856,BAKERSFIELD INSIDE-ROSEDALE,0.01126856
001-857,BAKERSFIELD INSIDE-ROSEDALE,0.01126856
001-858,BAKERSFIELD INSIDE-ROSEDALE,0.01126856
001-864,BAKERSFIELD INSIDE-FRUITVALE,0.01170983
001-865,BAKERSFIELD INSIDE,0.01163785
001-866,BAKERSFIELD INSIDE,0.01163785
001-867,BAKERSFIELD INSIDE,0.01163785
001-869,BAKERSFIELD INSIDE BEARDSLEY,0.01181862
001-872,BAKERSFIELD INSIDE-FRUITVALE,0.01170983
001-873,BAKERSFIELD INSIDE-FRUITVALE,0.01170983
001-875,BAKERSFIELD INSIDE-GREENFIELD,0.01159484
001-876,BAKERSFIELD INSIDE-GREENFIELD,0.01159484
001-877,BAKERSFIELD INSIDE-PANAMA BV,0.01168004
001-878,BAKERSFIELD INSIDE-PANAMA BV,0.01168004
001-879,BAKERSFIELD INSIDE - LAKESIDE,0.01116253
001-880,BAKERSFIELD INSIDE-ROSEDALE,0.01089648
001-881,BAKERSFIELD INSIDE-RIO BRAVO G,0.01114751
001-882,BAKERSFIELD INSIDE-PANAMA BV,0.01168004
001-883,BAKERSFIELD INSIDE-PANAMA BV,0.01168004
001-884,BAKERSFIELD INSIDE-PANAMA BV,0.01168004
001-885,BAKERSFIELD INSIDE-PANAMA BV,0.01168004
001-886,BAKERSFIELD INSIDE - NORRIS,0.01109769
001-887,BAKERSFIELD INSIDE - ROSEDALE,0.01089648
001-888,BAKERSFIELD INSIDE-PANAMA BV,0.01168004
001-889,BAKERSFIELD INSIDE - NORRIS,0.01109769
001-890,BAKERSFIELD INSIDE-GREENFIELD,0.01159484
001-897,BAKERSFIELD INSIDE - ROSEDALE,0.01089648
001-899,BAKERSFIELD INSIDE-RIO BRAVO G,0.01114751
001-986,MOBILE HOME EXCL WATER DEBT,0.01144468
001-987,MOB HOME EXCL WATER DEBT,0.01144468
001-988,MOB HOME EXCL WATER DEBT,0.01111561
001-989,MOB HOME EXCL WATER DEBT,0.01111561
001-990,MOB HOME EXCL WATER DEBT,0.01152988
001-991,MOB HOME EXCL WATER DEBT,0.01111561
001-992,MOB HOME EXCL WATER DEBT,0.01152988
001-993,MOB HOME EXCL WATER DEBT,0.01144468
001-994,MOB HOME EXCL WATER DEBT,0.01129638
001-995,MOB HOME EXCL WATER DEBT,0.01111561
001-996,MOB HOME EXCL WATER DEBT,0.01111561
001-997,MOB HOME EXCL WATER DEBT,0.01111561
001-998,MOB HOME EXCL WATER DEBT,0.01111561
002-000,DELANO INSIDE,0.01136411
002-001,DELANO INSIDE,0.01136411
002-002,DELANO INSIDE,0.01136411
002-003,DELANO INSIDE,0.01136411
002-004,DELANO INSIDE,0.01136411
002-005,DELANO INSIDE,0.01136411
002-006,DELANO INSIDE,0.01136411
002-007,DELANO UNION,0.01136411
002-008,DELANO INSIDE,0.01136411
002-009,DELANO INSIDE,0.01136411
002-010,DELANO INSIDE,0.01136411
002-011,DELANO INSIDE,0.01136411
002-012,DELANO INSIDE,0.01177143
002-013,DELANO INSIDE,0.01136411
002-014,DELANO INSIDE,0.01136411
002-015,DELANO INSIDE,0.01136411
002-016,DELANO INSIDE,0.01136411
002-017,DELANO INSIDE,0.01136411
002-018,DELANO INSIDE,0.01136411
002-019,DELANO INSIDE,0.01136411
002-020,DELANO INSIDE-POND,0.01077885
002-021,DELANO INSIDE,0.01136411
002-022,DELANO INSIDE,0.01136411
002-023,DELANO INSIDE,0.01136411
002-024,DELANO INSIDE,0.01136411
002-026,DELANO INSIDE,0.01136411
002-027,DELANO INSIDE,0.01136411
002-028,DELANO INSIDE,0.01136411
002-029,DELANO INSIDE,0.01136411
002-030,DELANO INSIDE,0.01177143
002-031,DELANO INSIDE,0.01136411
002-032,DELANO INSIDE,0.01136411
002-033,DELANO INSIDE,0.01136411
002-034,DELANO INSIDE,0.01136411
002-035,DELANO INSIDE,0.01136411
003-000,MARICOPA UNIFIED INSIDE,0.01052132
003-001,MARICOPA UNIFIED INSIDE,0.01052132
003-002,MARICOPA UNIFIED INSIDE,0.01052132
003-003,MARICOPA UNIFIED INSIDE,0.01052132
003-004,MARICOPA UNIFIED INSIDE,0.01052132
003-005,MARICOPA UNIFIED INSIDE,0.01035229
004-001,TAFT INSIDE,0.01183850
004-002,TAFT INSIDE,0.01183850
004-003,TAFT INSIDE,0.01183850
004-004,TAFT INSIDE,0.01183850
004-005,TAFT INSIDE,0.01183850
004-006,TAFT INSIDE,0.01183850
004-007,TAFT INSIDE,0.01183850
004-008,TAFT INSIDE,0.01183850
004-009,TAFT INSIDE,0.01183850
004-010,TAFT INSIDE,0.01183850
004-011,TAFT INSIDE,0.01183850
004-012,TAFT INSIDE,0.01183850
004-013,TAFT INSIDE,0.01183850
004-014,TAFT INSIDE,0.01183850
004-015,TAFT INSIDE,0.01166947
004-016,TAFT INSIDE,0.01183850
004-017,TAFT INSIDE,0.01183850
004-801,MOB HOME EXCL WATER DEBT,0.01166947
005-000,TEHACHAPI UNIFIED INSIDE,0.01146271
005-001,TEHACHAPI UNIFIED INSIDE,0.01146271
005-002,TEHACHAPI UNIFIED INSIDE,0.01146271
005-003,TEHACHAPI UNIFIED INSIDE,0.01146271
005-004,TEHACHAPI UNIFIED INSIDE,0.01146271
005-005,TEHACHAPI UNIFIED INSIDE,0.01146271
005-006,TEHACHAPI UNIFIED INSIDE,0.01146271
005-008,TEHACHAPI UNIFIED INSIDE,0.01146271
005-009,TEHACHAPI UNIFIED INSIDE,0.01146271
005-010,TEHACHAPI UNIFIED INSIDE,0.01146271
005-011,TEHACHAPI UNIFIED INSIDE,0.01146271
005-012,TEHACHAPI UNIFIED INSIDE,0.01146271
005-013,TEHACHAPI UNIFIED INSIDE,0.01146271
005-014,TEHACHAPI UNIFIED INSIDE,0.01146271
005-015,TEHACHAPI UNIFIED INSIDE,0.01146271
005-016,TEHACHAPI UNIFIED INSIDE,0.01146271
005-017,TEHACHAPI UNIFIED INSIDE,0.01146271
005-018,TEHACHAPI UNIFIED INSIDE,0.01146271
005-019,TEHACHAPI UNIFIED INSIDE,0.01146271
005-020,TEHACHAPI UNIFIED INSIDE,0.01146271
005-021,TEHACHAPI UNIFIED INSIDE,0.01146271
005-022,TEHACHAPI UNIFIED INSIDE,0.01146271
005-023,TEHACHAPI UNIFIED INSIDE,0.01146271
005-024,TEHACHAPI UNIFIED INSIDE,0.01146271
005-025,TEHACHAPI UNIFIED INSIDE,0.01146271
005-026,TEHACHAPI UNIFIED INSIDE,0.01146271
005-027,TEHACHAPI UNIFIED INSIDE,0.01146271
005-028,TEHACHAPI UNIFIED INSIDE,0.01146271
005-029,TEHACHAPI UNIFIED INSIDE,0.01146271
005-030,TEHACHAPI UNIFIED INSIDE,0.01146271
005-031,TEHACHAPI UNIFIED INSIDE,0.01146271
005-032,TEHACHAPI UNIFIED INSIDE,0.01146271
005-033,TEHACHAPI INSIDE,0.01146271
005-034,TEHACHAPI INSIDE,0.01146271
005-035,TEHACHAPI INSIDE,0.01146271
005-036,TEHACHAPI INSIDE,0.01146271
005-037,TEHACHAPI INSIDE,0.01146271
005-038,TEHACHAPI INSIDE,0.01146271
005-039,TEHACHAPI UNIFIED INSIDE,0.01146271
005-040,TEHACHAPI UNIFIED INSIDE,0.01146271
005-041,TEHACHAPI UNIFIED INSIDE,0.01146271
005-042,TEHACHAPI UNIFIED INSIDE,0.01146271
005-043,TEHACHAPI UNIFIED INSIDE,0.01146271
005-044,TEHACHAPI UNIFIED INSIDE,0.01146271
005-045,TEHACHAPI UNIFIED INSIDE,0.01146271
005-046,TEHACHAPI UNIFIED INSIDE,0.01146271
005-047,TEHACHAPI UNIFIED INSIDE,0.01146271
005-048,TEHACHAPI INSIDE,0.01146271
005-049,TEHACHAPI INSIDE,0.01146271
005-050,TEHACHAPI INSIDE,0.01146271
005-051,TEHACHAPI UNIFIED-INSIDE,0.01146271
005-052,TEHACHAPI INSIDE,0.01146271
005-053,TEHACHAPI UNIFIED-INSIDE,0.01146271
005-054,TEHACHAPI INIFIED-INSIDE,0.01146271
005-057,TEHACHAPI UNIFIED INSIDE,0.01146271
005-058,TEHACHAPI UNIFIED INSIDE,0.01146271
005-059,TEHACHAPI UNIFIED INSIDE,0.01146271
005-803,MOB HOME EXCL WATER DEBT,0.01086096
005-840,MOB HOME EXCL WATER DEBT,0.01086096
006-000,RICHLAND INSIDE,0.01161244
006-001,RICHLAND INSIDE,0.01161244
006-002,RICHLAND INSIDE,0.01161244
006-003,RICHLAND INSIDE,0.01161244
006-004,RICHLAND INSIDE,0.01161244
006-005,RICHLAND INSIDE,0.01161244
006-006,RICHLAND INSIDE,0.01161244
006-007,RICHLAND INSIDE,0.01161244
006-008,RICHLAND INSIDE,0.01161244
006-009,RICHLAND INSIDE,0.01161244
006-010,RICHLAND INSIDE,0.01161244
006-011,RICHLAND INSIDE,0.01161244
006-012,RICHLAND INSIDE,0.01161244
006-013,RICHLAND INSIDE,0.01161244
006-015,RICHLAND INSIDE,0.01161244
006-016,RICHLAND INSIDE,0.01161244
006-018,RICHLAND INSIDE,0.01161244
006-019,RICHLAND INSIDE,0.01161244
006-020,RICHLAND INSIDE,0.01161244
006-021,RICHLAND INSIDE,0.01161244
006-023,RICHLAND INSIDE,0.01161244
006-024,RICHLAND INSIDE,0.01161244
006-025,RICHLAND INSIDE,0.01161244
006-026,RICHLAND INSIDE,0.01161244
006-027,RICHLAND INSIDE,0.01161244
006-028,RICHLAND INSIDE - RIO BRAVO GR,0.01114751
006-029,RICHLAND INSIDE,0.01161244
006-030,RICHLAND INSIDE,0.01161244
006-031,RICHLAND INSIDE,0.01161244
006-032,RICHLAND INSIDE,0.01161244
006-033,RICHLAND INSIDE,0.01161244
006-034,RICHLAND INSIDE,0.01161244
006-035,RICHLAND INSIDE,0.01161244
006-036,RICHLAND INSIDE,0.01161244
006-037,RICHLAND INSIDE,0.01161244
006-039,RICHLAND INSIDE,0.01161244
006-040,RICHLAND INSIDE,0.01176260
006-041,RICHLAND INSIDE,0.01176260
006-042,RICHLAND INSIDE - RIO BRAVO GR,0.01099735
006-043,RICHLAND INSIDE - RIO BRAVO GR,0.01114751
006-044,RICHLAND INSIDE - RIO BRAVO GR,0.01114751
006-045,RICHLAND INSIDE - ROSEDALE,0.01089648
006-046,RICHLAND INSIDE - ROSEDALE,0.01074632
006-048,RICHLAND INSIDE,0.01161244
006-050,RICHLAND INSIDE,0.01161244
006-051,RICHLAND INSIDE,0.01161244
006-052,RICHLAND INSIDE,0.01161244
006-053,RICHLAND INSIDE,0.01161244
006-054,RICHLAND INSIDE,0.01161244
006-055,RICHLAND INSIDE,0.01161244
006-056,RICHLAND INSIDE,0.01161244
006-057,RICHLAND INSIDE,0.01161244
006-058,RICHLAND INSIDE,0.01176260
006-059,RICHLAND INSIDE,0.01094753
006-060,RICHLAND INSIDE,0.01094753
006-061,RICHLAND INSIDE,0.01109769
006-062,RICHLAND INSIDE,0.01094753
006-063,RICHLAND INSIDE,0.01094753
006-064,RICHLAND INSIDE,0.01094753
006-065,RICHLAND INSIDE,0.01074632
006-066,RICHLAND INSIDE,0.01161244
006-067,RICHLAND INSIDE,0.01161244
006-068,RICHLAND INSIDE,0.01161244
006-069,RICHLAND INSIDE,0.01161244
006-075,RICHLAND INSIDE - ROSEDALE,0.01089648
006-077,RICHLAND INSIDE,0.01161244
006-078,RICHLAND INSIDE,0.01176260
006-079,RICHLAND INSIDE,0.01161244
006-080,RICHLAND INSIDE,0.01176260
006-081,RICHLAND INSIDE,0.01161244
006-082,RICHLAND INSIDE,0.01176260
006-083,RICHLAND INSIDE,0.01176260
006-084,RICHLAND INSIDE,0.01161244
006-087,RICHLAND INSIDE,0.01176260
006-088,RICHLAND INSIDE - RIO BRAVO GR,0.01114751
006-089,RICHLAND INSIDE - RIO BRAVO GR,0.01114751
006-090,RICHLAND INSIDE - ROSEDALE,0.01089648
006-091,RICHLAND INSIDE-NORRIS,0.01109769
006-092,RICHLAND INSIDE-NORRIS,0.01094753
007-001,WASCO INSIDE,0.01165475
007-002,WASCO INSIDE,0.01165475
007-003,WASCO INSIDE,0.01165475
007-004,WASCO INSIDE,0.01165475
007-005,WASCO INSIDE,0.01165475
007-006,WASCO INSIDE,0.01165475
007-009,WASCO INSIDE,0.01165475
007-010,WASCO INSIDE,0.01165475
007-011,WASCO INSIDE,0.01165475
007-012,WASCO INSIDE,0.01165475
007-013,WASCO INSIDE,0.01165475
007-014,WASCO INSIDE,0.01165475
007-015,WASCO INSIDE,0.01165475
007-017,WASCO INSIDE,0.01165475
007-018,WASCO INSIDE,0.01165475
007-019,WASCO INSIDE,0.01165475
007-020,WASCO INSIDE,0.01165475
007-021,WASCO INSIDE,0.01165475
007-023,WASCO INSIDE,0.01165475
007-024,WASCO INSIDE,0.01165475
007-025,WASCO INSIDE,0.01165475
007-028,WASCO INSIDE,0.01165475
007-029,WASCO INSIDE,0.01165475
007-030,WASCO INSIDE,0.01165475
007-031,WASCO INSIDE,0.01165475
007-033,WASCO INSIDE,0.01180491
007-034,WASCO INSIDE,0.01165475
007-035,WASCO INSIDE,0.01165475
007-036,WASCO INSIDE,0.01165475
007-037,WASCO INSIDE,0.01165475
007-038,WASCO INSIDE,0.01165475
007-039,WASCO INSIDE,0.01165475
007-040,WASCO INSIDE,0.01165475
007-042,WASCO INSIDE,0.01165475
007-043,WASCO INSIDE,0.01165475
007-044,WASCO INSIDE,0.01165475
007-045,WASCO INSIDE,0.01165475
007-046,WASCO INSIDE,0.01165475
007-047,WASCO INSIDE,0.01165475
007-048,WASCO INSIDE,0.01165475
007-049,WASCO INSIDE,0.01165475
007-051,WASCO INSIDE,0.01165475
007-052,WASCO INSIDE,0.01165475
007-054,WASCO INSIDE,0.01165475
007-055,WASCO INSIDE,0.01165475
007-056,WASCO INSIDE,0.01165475
007-057,WASCO INSIDE,0.01165475
007-058,WASCO INSIDE,0.01165475
007-059,WASCO INSIDE,0.01165475
007-060,WASCO INSIDE,0.01165475
007-064,WASCO INSIDE,0.01165475
007-068,WASCO INSIDE,0.01165475
008-001,MCFARLAND INSIDE,0.01177143
008-002,MCFARLAND INSIDE,0.01177143
008-003,MCFARLAND INSIDE,0.01177143
008-004,MCFARLAND INSIDE,0.01177143
008-005,MCFARLAND INSIDE,0.01177143
008-006,MCFARLAND INSIDE,0.01177143
008-007,MCFARLAND INSIDE,0.01177143
008-008,MCFARLAND INSIDE,0.01177143
008-009,MCFARLAND INSIDE,0.01177143
008-010,MCFARLAND INSIDE,0.01177143
008-011,MCFARLAND INSIDE,0.01177143
008-012,MCFARLAND INSIDE,0.01177143
008-015,MCFARLAND INSIDE,0.01177143
008-016,MCFARLAND INSIDE,0.01177143
008-017,MCFARLAND INSIDE,0.01177143
008-018,MCFARLAND INSIDE,0.01177143
008-019,MCFARLAND INSIDE,0.01177143
009-001,ARVIN INSIDE,0.01147888
009-003,ARVIN INSIDE,0.01147888
009-004,ARVIN INSIDE,0.01147888
009-005,ARVIN INSIDE,0.01147888
009-007,ARVIN INSIDE,0.01147888
009-010,ARVIN INSIDE,0.01147888
009-011,ARVIN INSIDE,0.01147888
009-012,ARVIN INSIDE,0.01147888
009-013,ARVIN INSIDE,0.01147888
009-015,ARVIN INSIDE,0.01147888
009-016,ARVIN INSIDE,0.01147888
009-017,ARVIN INSIDE,0.01147888
009-018,ARVIN INSIDE,0.01147888
009-020,ARVIN INSIDE,0.01147888
009-021,ARVIN INSIDE,0.01147888
009-022,ARVIN INSIDE,0.01147888
009-023,ARVIN INSIDE,0.01147888
009-026,ARVIN INSIDE,0.01147888
009-028,ARVIN INSIDE,0.01147888
009-030,ARVIN INSIDE,0.01147888
009-031,ARVIN INSIDE,0.01147888
009-033,ARVIN INSIDE,0.01147888
010-002,RIDGECREST INSIDE,0.01156682
010-004,RIDGECREST INSIDE,0.01156682
010-005,RIDGECREST INSIDE,0.01156682
010-006,RIDGECREST INSIDE,0.01156682
010-007,RIDGECREST INSIDE,0.01156682
010-008,RIDGECREST INSIDE,0.01156682
010-009,RIDGECREST INSIDE,0.01156682
010-010,RIDGECREST INSIDE,0.01156682
010-011,RIDGECREST INSIDE,0.01156682
010-012,RIDGECREST INSIDE,0.01156682
010-013,RIDGECREST INSIDE,0.01156682
010-014,RIDGECREST INSIDE,0.01156682
010-015,RIDGECREST INSIDE,0.01156682
010-016,RIDGECREST INSIDE,0.01156682
010-017,RIDGECREST INSIDE,0.01156682
010-019,RIDGECREST INSIDE,0.01156682
010-020,RIDGECREST INSIDE,0.01156682
010-021,RIDGECREST INSIDE,0.01156682
011-001,CALIFORNIA CITY INSIDE-MOJAVE,0.01208364
011-002,CALIFORNIA CITY INSIDE-MOJAVE,0.01208364
011-004,CALIFORNIA CITY INSIDE-SIERRA,0.01227172
011-006,CALIFORNIA CITY INSIDE-MOJAVE,0.01208364
011-007,CALIFORNIA CITY INSIDE-MOJAVE,0.01262893
011-010,CALIFORNIA CITY INSIDE-MOJAVE,0.01208364
011-011,CALIFORNIA CITY INSIDE-MOJAVE,0.01208364
011-013,CALIFORNIA CITY INSIDE-MOJAVE,0.01208364
011-014,CALIFORNIA CITY INSIDE-MOJAVE,0.01262893
011-018,CALIFORNIA CITY INSIDE-MOJAVE,0.01208364
011-019,CALIFORNIA CITY INSIDE-MOJAVE,0.01208364
011-020,CALIFORNIA CITY INSIDE-MOJAVE,0.01208364
011-021,CALIFORNIA CITY INSIDE-MOJAVE,0.01262893
011-022,CALIFORNIA CITY INSIDE-MOJAVE,0.01262893
011-023,CALIFORNIA CITY INSIDE-MOJAVE,0.01262893
011-024,CALIFORNIA CITY INSIDE-MOJAVE,0.01208364
011-025,CALIFORNIA CITY INSIDE-MOJAVE,0.01208364
011-026,CALIFORNIA CITY INSIDE-MOJAVE,0.01262893
011-027,CALIFORNIA CITY INSIDE-MOJAVE,0.01208364
011-028,CALIFORNIA CITY INSIDE-MOJAVE,0.01208364
011-029,CALFORNIA CITY INSIDE-MOJAVE,0.01208364
011-030,CALIFORNIA CITY INSIDE-MOJAVE,0.01208364
011-031,CALIFORNIA CITY INSIDE-MOJAVE,0.01262893
011-032,CALIFORNIA CITY INSIDE-MOJAVE,0.01262893
011-033,CALIFORNIA CITY INSIDE-MOJAVE,0.01262893
011-034,CALIFORNIA CITY INSIDE-MOJAVE,0.01208364
011-035,CALIFORNIA CITY INSIDE-MOJAVE,0.01208364
011-036,CALIFORNIA CITY INSIDE-MOJAVE,0.01102057
011-037,CALIFORNIA CITY INSIDE-MOJAVE,0.01208364
011-038,CALIFORNIA CITY INSIDE-MOJAVE,0.01208364
011-039,CALFORNIA CITY INSIDE-MOJAVE,0.01208364
011-822,MOB HOME EXCL WATER DEBT,0.01086096
012-001,BAKERSFIELD INSIDE-GREENFIELD,0.01159484
012-002,BAKERSFIELD INSIDE-GREENFIELD,0.01159484
012-003,BAKERSFIELD INSIDE-GREENFIELD,0.01159484
012-004,BAKERSFIELD INSIDE-GREEFIELD,0.01159484
012-005,BAKERSFIELD INSIDE-FRUITVALE,0.01170983
012-007,BAKERSFIELD INSIDE,0.01163785
012-008,BAKERSFIELD INSIDE,0.01163785
012-009,BAKERSFIELD INSIDE,0.01163785
012-010,BAKERSFIELD INSIDE,0.01163785
012-011,BAKERSFIELD INSIDE-PANAMA BV,0.01205212
012-012,BAKERSFIELD INSIDE- PANAMA BV,0.01205212
012-014,BAKERSFIELD INSIDE-FRUITVALE,0.01170983
012-015,BAKERSFIELD INSIDE- PANAMA,0.01168004
012-016,BAKERSFIELD INSIDE-NORRIS,0.01146977
012-017,BAKERSFIELD INSIDE-ROSEDALE,0.01089648
012-018,BAKERSFIELD INSIDE-ROSEDALE,0.01089648
012-019,LAKESIDE UNION,0.01116253
012-020,BAKERSFIELD INSIDE-FRUITVALE,0.01170983
012-021,BAKERSFIELD OUTSIDE,0.01163785
012-022,BAKERSFIELD OUTSIDE,0.01163785
054-000,ARVIN OUTSIDE,0.01208063
054-001,ARVIN OUTSIDE,0.01147888
054-005,ARVIN OUTSIDE,0.01147888
054-006,ARVIN OUTSIDE,0.01147888
054-008,ARVIN OUTSIDE,0.01162904
054-010,ARVIN OUTSIDE,0.01147888
054-013,ARVIN OUTSIDE,0.01218378
054-014,ARVIN OUTSIDE,0.01162904
054-015,ARVIN OUTSIDE,0.01162904
054-017,ARVIN OUTSIDE,0.01162904
054-018,ARVIN OUTSIDE,0.01162904
054-019,ARVIN OUTSIDE,0.01147888
054-022,ARVIN OUTSIDE,0.01218378
054-024,ARVIN OUTSIDE,0.01155723
054-025,ARVIN OUTSIDE,0.01208063
054-027,ARVIN OUTSIDE,0.01162904
054-028,ARVIN OUTSIDE,0.01147888
054-031,ARVIN OUTSIDE,0.01202417
054-032,ARVIN OUTSIDE,0.01147888
054-033,ARVIN OUTSIDE,0.01147888
054-034,ARVIN OUTSIDE,0.01202417
054-037,ARVIN OUTSIDE,0.01147888
054-038,ARVIN OUTSIDE,0.01147888
054-039,ARVIN OUTSIDE,0.01217433
054-040,ARVIN OUTSIDE,0.01217433
056-001,BAKERSFIELD OUTSIDE,0.01163785
056-002,BAKERSFIELD OUTSIDE,0.01111561
056-003,BAKERSFIELD OUTSIDE,0.01163785
056-004,BAKERSFIELD OUTSIDE,0.01111561
056-005,BAKERSFIELD OUTSIDE,0.01163785
056-008,BAKERSFIELD OUTSIDE,0.01163785
056-009,BAKERSFIELD OUTSIDE,0.01163785
056-011,BAKERSFIELD OUTSIDE,0.01163785
056-012,BAKERSFIELD OUTSIDE,0.01163785
056-013,BAKERSFIELD OUTSIDE,0.01163785
056-014,BAKERSFIELD OUTSIDE,0.01163785
056-018,BAKERSFIELD OUTSIDE,0.01163785
056-019,BAKERSFIELD OUTSIDE,0.01111561
056-021,BAKERSFIELD OUTSIDE,0.01163785
056-023,BAKERSFIELD OUTSIDE,0.01163785
056-025,BAKERSFIELD OUTSIDE,0.01163785
056-026,BAKERSFIELD OUTSIDE,0.01163785
056-027,BAKERSFIELD OUTSIDE,0.01163785
056-028,BAKERSFIELD OUTSIDE,0.01163785
056-029,BAKERSFIELD OUTSIDE,0.01163785
056-030,BAKERSFIELD OUTSIDE,0.01111561
056-031,BAKERSFIELD OUTSIDE,0.01111561
056-032,BAKERSFIELD OUTSIDE,0.01111561
056-033,BAKERSFIELD OUTSIDE,0.01111561
056-034,BAKERSFIELD OUTSIDE,0.01163785
056-035,BAKERSFIELD OUTSIDE,0.01111561
056-036,BAKERSFIELD OUTSIDE,0.01111561
056-037,BAKERSFIELD OUTSIDE,0.01111561
056-038,BAKERSFIELD OUTSIDE,0.01163785
056-039,BAKERSFIELD OUTSIDE,0.01163785
056-041,BAKERSFIELD OUTSIDE,0.01111561
056-042,BAKERSFIELD OUTSIDE,0.01126577
056-043,BAKERSFIELD OUTSIDE,0.01126577
056-044,BAKERSFIELD OUTSIDE,0.01163785
056-045,BAKERSFIELD OUTSIDE,0.01163785
056-046,BAKERSFIELD OUTSIDE,0.01163785
056-047,BAKERSFIELD OUTSIDE,0.01163785
056-049,BAKERSFIELD OUTSIDE,0.01163785
056-052,BAKERSFIELD OUTSIDE,0.01163785
056-053,BAKERSFIELD OUTSIDE,0.01163785
056-055,BAKERSFIELD OUTSIDE,0.01163785
056-056,BAKERSFIELD OUTSIDE,0.01163785
056-057,BAKERSFIELD OUTSIDE,0.01163785
056-058,BAKERSFIELD OUTSIDE,0.01163785
056-059,BAKERSFIELD OUTSIDE,0.01163785
056-060,BAKERSFIELD OUTSIDE,0.01163785
056-061,BAKERSFIELD OUTSIDE,0.01163785
056-063,BAKERSFIELD OUTSIDE,0.01163785
056-065,BAKERSFIELD OUTSIDE,0.01111561
056-066,BAKERSFIELD OUTSIDE,0.01163785
056-070,BAKERSFIELD OUTSIDE,0.01163785
056-072,BAKERSFIELD OUTSIDE,0.01163785
056-073,BAKERSFIELD OUTSIDE,0.01163785
056-075,BAKERSFIELD OUTSIDE,0.01163785
056-076,BAKERSFIELD OUTSIDE,0.01163785
056-078,BAKERSFIELD OUTSIDE,0.01163785
056-079,BAKERSFIELD OUTSIDE,0.01111561
056-081,BAKERSFIELD OUTSIDE,0.01163785
056-082,BAKERSFIELD OUTSIDE,0.01163785
056-083,BAKERSFIELD OUTSIDE,0.01163785
056-084,BAKERSFIELD OUTSIDE,0.01163785
056-085,BAKERSFIELD OUTSIDE,0.01163785
056-086,BAKERSFIELD OUTSIDE,0.01111561
056-087,BAKERSFIELD OUTSIDE,0.01111561
056-088,BAKERSFIELD OUTSIDE,0.01111561
056-089,BAKERSFIELD OUTSIDE,0.01163785
056-090,BAKERSFIELD OUTSIDE,0.01163785
056-091,BAKERSFIELD OUTSIDE,0.01163785
056-092,BAKERSFIELD OUTSIDE,0.01163785
056-093,BAKERSFIELD OUTSIDE,0.01163785
056-094,BAKERSFIELD OUTSIDE,0.01163785
056-095,BAKERSFIELD OUTSIDE,0.01163785
056-096,BAKERSFIELD OUTSIDE,0.01163785
056-097,BAKERSFIELD OUTSIDE,0.01163785
056-098,BAKERSFIELD OUTSIDE,0.01163785
056-099,BAKERSFIELD OUTSIDE,0.01163785
056-100,BAKERSFIELD OUTSIDE,0.01163785
056-102,BAKERSFIELD OUTSIDE,0.01163785
056-104,BAKERSFIELD OUTSIDE,0.01163785
056-105,BAKERSFIELD OUTSIDE,0.01163785
056-106,BAKERSFIELD OUTSIDE,0.01163785
056-107,BAKERSFIELD OUTSIDE,0.01111561
056-108,BAKERSFIELD OUTSIDE,0.01111561
056-110,BAKERSFIELD OUTSIDE,0.01163785
056-111,BAKERSFIELD OUTSIDE,0.01111561
056-112,BAKERSFIELD OUTSIDE,0.01163785
056-113,BAKERSFIELD OUTSIDE,0.01163785
056-115,BAKERSFIELD OUTSIDE,0.01163785
056-116,BAKERSFIELD OUTSIDE,0.01163785
056-118,BAKERSFIELD OUTSIDE,0.01163785
056-120,BAKERSFIELD OUTSIDE,0.01111561
056-121,BAKERSFIELD OUTSIDE,0.01111561
056-122,BAKERSFIELD OUTSIDE,0.01163785
056-124,BAKERSFIELD OUTSIDE,0.01163785
056-125,BAKERSFIELD OUTSIDE,0.01111561
056-126,BAKERSFIELD OUTSIDE,0.01126577
056-127,BAKERSFIELD OUTSIDE,0.01111561
056-801,MOB HOME EXCL WATER DEBT,0.01111561
056-810,MOB HOME EXCL WATER DEBT,0.01111561
056-818,MOB HOME EXCL WATER DEBT,0.01111561
056-834,MOB HOME EXCL WATER DEBT,0.01111561
056-839,MOB HOME EXCL WATER DEBT,0.01111561
056-849,MOB HOME EXCL WATER DEBT,0.01111561
056-894,MOB HOME EXCL WATER DEBT,0.01111561
057-001,BEARDSLEY,0.01129638
057-002,BEARDSLEY,0.01181862
057-003,BEARDSLEY,0.01144654
057-004,BEARDSLEY,0.01181862
057-005,BEARDSLEY,0.01181862
057-006,BEARDSLEY,0.01181862
057-008,BEARDSLEY,0.01181862
057-010,BEARDSLEY,0.01181862
057-011,BEARDSLEY,0.01129638
057-012,BEARDSLEY,0.01181862
057-013,BEARDSLEY,0.01129638
057-014,BEARDSLEY,0.01181862
057-015,BEARDSLEY,0.01181862
057-016,BEARDSLEY,0.01181862
057-017,BEARDSLEY,0.01144654
057-018,BEARDSLEY,0.01181862
057-019,BEARDSLEY,0.01181862
057-020,BEARDSLEY,0.01181862
057-021,BEARDSLEY,0.01181862
057-022,BEARDSLEY,0.01181862
057-023,BEARDSLEY,0.01181862
057-024,BEARDSLEY,0.01181862
057-026,BEARDSLEY,0.01181862
057-027,BEARDSLEY,0.01181862
057-028,BEARDSLEY,0.01181862
057-029,BEARDSLEY,0.01181862
057-030,BEARDSLEY,0.01181862
057-031,BEARDSLEY,0.01181862
057-032,BEARDSLEY,0.01181862
057-033,BEARDSLEY,0.01181862
057-034,BEARDSLEY,0.01144654
057-035,BEARDSLEY,0.01144654
057-036,BEARDSLEY,0.01144654
057-037,BEARDSLEY,0.01181862
057-038,BEARDSLEY,0.01181862
057-039,BEARDSLEY,0.01181862
057-040,BEARDSLEY,0.01181862
057-041,BEARDSLEY,0.01181862
057-042,BEARDSLEY,0.01181862
057-043,BEARDSLEY,0.01181862
057-044,BEARDSLEY,0.01181862
057-045,BEARDSLEY,0.01181862
057-046,BEARDSLEY,0.01181862
057-047,BEARDSLEY,0.01181862
057-048,BEARDSLEY,0.01144654
057-049,BEARDSLEY,0.01144654
057-050,BEARDSLEY,0.01181862
057-051,BEARDSLEY,0.01181862
057-052,BEARDSLEY,0.01181862
057-053,BEARDSLEY,0.01181862
057-054,BEARDSLEY,0.01144654
057-055,BEARDSLEY,0.01181862
057-056,BEARDSLEY,0.01181862
057-057,BEARDSLEY,0.01181862
057-058,BEARDSLEY,0.01181862
057-059,BEARDSLEY,0.01181862
057-060,BEARDSLEY,0.01181862
057-061,BEARDSLEY,0.01181862
057-062,BEARDSLEY,0.01181862
057-063,BEARDSLEY,0.01181862
057-064,BEARDSLEY,0.01181862
057-065,BEARDSLEY,0.01144654
057-066,BEARDSLEY,0.01144654
057-067,BEARDSLEY,0.01144654
057-069,BEARDSLEY,0.01181862
057-070,BEARDSLEY,0.01181862
057-071,BEARDSLEY,0.01181862
057-072,BEARDSLEY,0.01144654
057-073,BEARDSLEY,0.01181862
057-074,BEARDSLEY,0.01181862
057-075,BEARDSLEY,0.01181862
057-076,BEARDSLEY,0.01181862
057-077,BEARDSLEY,0.01181862
057-078,BEARDSLEY,0.01144654
057-079,BEARDSLEY,0.01181862
057-082,BEARDSLEY,0.01181862
057-083,BEARDSLEY,0.01181862
057-084,BEARDSLEY,0.01181862
057-085,BEARDSLEY,0.01144654
057-086,BEARDSLEY,0.01181862
057-087,BEARDSLEY,0.01144654
057-088,BEARDSLEY,0.01144654
057-089,BEARDSLEY,0.01181862
057-090,BEARDSLEY,0.01181862
057-091,BEARDSLEY,0.01181862
057-092,BEARDSLEY,0.01181862
057-093,BEARDSLEY,0.01181862
057-805,MOB HOME EXCL WATER DEBT,0.01129638
057-806,MOB HOME EXCL WATER DEBT,0.01129638
057-819,MOB HOME EXCL WATER DEBT,0.01129638
057-827,MOB HOME EXCL WATER DEBT,0.01129638
057-863,MOB HOME EXCL WATER DEBT,0.01129638
058-000,MCKITTRICK,0.01048470
058-001,MCKITTRICK,0.01031567
058-002,MCKITTRICK,0.01048470
058-003,MCKITTRICK,0.01048470
059-000,BLAKE,0.01074632
059-001,BLAKE,0.01074632
061-001,PANAMA - BUENA VISTA ANX,0.01168004
061-003,PANAMA - BUENA VISTA ANX,0.01168004
061-004,PANAMA - BUENA VISTA ANX,0.01168004
061-005,PANAMA - BUENA VISTA ANX,0.01168004
061-006,PANAMA - BUENA VISTA,0.01168004
061-007,PANAMA - BUENA VISTA,0.01205212
061-008,PANAMA - BUENA VISTA,0.01168004
061-009,PANAMA - BUENA VISTA ANX,0.01168004
061-010,PANAMA - BUENA VISTA,0.01168004
061-012,PANAMA - BUENA VISTA,0.01168004
061-013,PANAMA - BUENA VISTA,0.01168004
061-015,PANAMA - BUENA VISTA,0.01205212
061-016,PANAMA - BUENA VISTA,0.01205212
061-017,PANAMA - BUENA VISTA,0.01168004
061-018,PANAMA - BUENA VISTA,0.01168004
061-019,PANAMA - BUENA VISTA,0.01168004
061-020,PANAMA - BUENA VISTA,0.01168004
061-023,PANANMA - BUENA VISTA,0.01168004
061-024,PANAMA - BUENA VISTA,0.01168004
061-026,PANAMA - BUENA VISTA,0.01168004
061-031,PANAMA - BUENA VISTA,0.01168004
061-032,PANAMA-BUENA VISTA,0.01168004
061-808,MOB HOME EXCL WATER DEBT,0.01152988
061-818,MOB HOME EXCL WATER DEBT,0.01152988
062-001,BUTTONWILLOW,0.01156086
062-002,BUTTONWILLOW,0.01156086
062-003,BUTTONWILLOW,0.01141070
062-004,BUTTONWILLOW,0.01141070
062-005,BUTTONWILLOW,0.01156086
062-007,BUTTONWILLOW,0.01157973
062-008,BUTTONWILLOW,0.01157973
062-009,BUTTONWILLOW,0.01156086
062-010,BUTTONWILLOW,0.01156086
062-011,BUTTONWILLOW,0.01156086
062-012,BUTTONWILLOW,0.01156086
062-013,BUTTONWILLOW,0.01156086
062-014,BUTTONWILLOW,0.01156086
062-015,BUTTONWILLOW,0.01156086
062-016,BUTTONWILLOW,0.01156086
062-017,BUTTONWILLOW,0.01156086
062-019,BUTTONWILLOW,0.01157973
062-020,BUTTONWILLOW,0.01156086
062-021,BUTTONWILLOW,0.01156086
062-022,BUTTONWILLOW,0.01156086
062-023,BUTTONWILLOW,0.01156086
062-024,BUTTONWILLOW,0.01156086
062-025,BUTTONWILLOW,0.01156086
062-026,BUTTONWILLOW,0.01156086
062-027,BUTTONWILLOW,0.01156086
062-029,BUTTONWILLOW,0.01157973
062-030,BUTTONWILLOW,0.01157973
062-031,BUTTONWILLOW,0.01157973
062-032,BUTTONWILLOW,0.01141070
062-033,BUTTONWILLOW,0.01156086
062-034,BUTTONWILLOW,0.01156086
062-035,BUTTONWILLOW,0.01156086
062-036,BUTTONWILLOW,0.01156086
062-037,BUTTONWILLOW,0.01156086
062-038,BUTTONWILLOW,0.01156086
062-039,BUTTONWILLOW,0.01156086
062-040,BUTTONWILLOW,0.01156086
062-041,BUTTONWILLOW,0.01156086
062-042,BUTTONWILLOW,0.01156086
062-043,BUTTONWILLOW,0.01156086
062-044,BUTTONWILLOW,0.01156086
062-045,BUTTONWILLOW,0.01156086
062-046,BUTTONWILLOW,0.01156086
063-000,CALIENTE UNION,0.01074632
063-001,CALIENTE UNION,0.01074632
065-001,DELANO UNION,0.01136411
065-002,DELANO UNION,0.01144246
065-003,DELANO UNION,0.01136411
065-004,DELANO UNION,0.01136411
065-005,DELANO UNION,0.01151427
065-006,DELANO UNION,0.01136411
065-007,DELANO UNION,0.01136411
065-008,DELANO UNION,0.01136411
065-009,DELANO UNION,0.01136411
065-010,DELANO UNION,0.01136411
065-011,DELANO UNION,0.01136411
065-012,DELANO UNION,0.01151427
065-013,DELANO UNION,0.01136411
065-014,DELANO UNION,0.01151427
065-015,DELANO UNION,0.01151427
065-017,DELANO UNION,0.01151427
065-018,DELANO UNION,0.01136411
065-019,DELANO UNION,0.01151427
065-020,DELANO UNION,0.01151427
065-021,DELANO UNION,0.01151427
065-022,DELANO UNION,0.01136411
065-023,DELANO UNION,0.01151427
065-024,DELANO UNION,0.01136411
065-025,DELANO UNION,0.01136411
065-026,DELANO UNION,0.01151427
066-001,EDISON,0.01199609
066-002,EDISON,0.01199609
066-003,EDISON,0.01199609
066-004,EDISON,0.01199609
066-005,EDISON,0.01199609
066-006,EDISON,0.01199609
066-007,EDISON,0.01199609
066-008,EDISON,0.01199609
066-009,EDISON,0.01199609
066-010,EDISON,0.01199609
066-011,EDISON,0.01199609
066-012,EDISON,0.01199609
066-013,EDISON,0.01214625
066-014,EDISON,0.01199609
066-015,EDISON,0.01199609
066-016,EDISON,0.01199609
066-017,EDISON,0.01199609
066-018,EDISON,0.01199609
066-019,EDISON,0.01199609
066-020,EDISON,0.01199609
066-021,EDISON,0.01199609
066-022,EDISON,0.01199609
066-023,EDISON,0.01199609
066-024,EDISON,0.01199609
066-025,EDISON,0.01199609
066-026,EDISON,0.01199609
066-027,EDISON,0.01199609
066-028,EDISON,0.01199609
066-029,EDISON,0.01199609
066-030,EDISON,0.01199609
066-031,EDISON,0.01199609
066-032,EDISON,0.01199609
066-033,EDISON,0.01199609
066-034,EDISON,0.01214625
066-035,EDISON,0.01199609
066-036,EDISON,0.01199609
067-001,ELK HILLS,0.01113236
067-002,ELK HILLS,0.01113236
067-003,ELK HILLS,0.01113236
067-004,ELK HILLS,0.01111349
067-005,ELK HILLS,0.01096333
067-006,ELK HILLS,0.01111349
067-007,ELK HILLS,0.01111349
067-008,ELK HILLS,0.01113236
067-009,ELK HILLS,0.01111349
067-010,ELK HILLS,0.01113236
067-011,ELK HILLS,0.01113236
067-012,ELK HILLS,0.01113236
067-013,ELK HILLS,0.01111349
067-014,ELK HILLS,0.01111349
067-015,ELK HILLS,0.01111349
067-016,ELK HILLS,0.01111349
067-017,ELK HILLS,0.01111349
068-001,FAIRFAX,0.01187817
068-002,FAIRFAX,0.01187817
068-003,FAIRFAX,0.01187817
068-004,FAIRFAX,0.01187817
068-005,FAIRFAX,0.01187817
068-006,FAIRFAX,0.01187817
068-007,FAIRFAX,0.01135593
068-009,FAIRFAX,0.01187817
068-010,FAIRFAX,0.01135593
068-011,FAIRFAX,0.01135593
068-012,FAIRFAX,0.01135593
068-013,FAIRFAX,0.01135593
068-014,FAIRFAX,0.01135593
068-016,FAIRFAX,0.01187817
068-017,FAIRFAX,0.01187817
068-018,FAIRFAX,0.01150609
068-019,FAIRFAX,0.01150609
068-020,FAIRFAX,0.01187817
068-021,FAIRFAX,0.01135593
068-022,FAIRFAX,0.01187817
068-023,FAIRFAX,0.01187817
068-024,FAIRFAX,0.01135593
068-025,FAIRFAX,0.01187817
068-026,FAIRFAX,0.01135593
068-027,FAIRFAX,0.01135593
068-028,FAIRFAX,0.01187817
068-029,FAIRFAX,0.01187817
068-030,FAIRFAX,0.01187817
068-031,FAIRFAX,0.01135593
068-032,FAIRFAX,0.01187817
068-033,FAIRFAX,0.01187817
068-035,FAIRFAX,0.01187817
068-036,FAIRFAX,0.01187817
068-037,FAIRFAX,0.01135593
068-038,FAIRFAX,0.01135593
068-039,FAIRFAX,0.01135593
068-040,FAIRFAX,0.01135593
068-041,FAIRFAX,0.01135593
068-042,FAIRFAX,0.01135593
068-043,FAIRFAX,0.01187817
068-044,FAIRFAX,0.01135593
068-046,FAIRFAX,0.01187817
068-047,FAIRFAX,0.01135593
068-048,FAIRFAX,0.01150609
068-049,FAIRFAX,0.01187817
068-050,FAIRFAX,0.01187817
068-051,FAIRFAX,0.01187817
068-052,FAIRFAX,0.01135593
068-053,FAIRFAX,0.01135593
068-054,FAIRFAX,0.01187817
068-055,FAIRFAX,0.01135593
068-057,FAIRFAX,0.01150609
068-058,FAIRFAX,0.01135593
068-059,FAIRFAX,0.01187817
068-060,FAIRFAX,0.01135593
068-061,FAIRFAX,0.01187817
068-062,FAIRFAX,0.01187817
068-063,FAIRFAX,0.01187817
068-064,FAIRFAX,0.01135593
068-065,FAIRFAX,0.01135593
068-066,FAIRFAX,0.01150609
068-068,FAIRFAX,0.01135593
068-069,FAIRFAX,0.01135593
068-820,MOB HOME EXCL WATER DEBT,0.01135593
068-850,MOB HOME EXCL WTR DEBT,0.01135593
070-001,FRUITVALE,0.01170983
070-003,FRUITVALE,0.01170983
070-005,FRUITVALE,0.01133775
070-006,FRUITVALE,0.01133775
070-009,FRUITVALE,0.01170983
070-016,FRUITVALE,0.01170983
070-017,FRUITVALE,0.01133775
070-019,FRUITVALE,0.01170983
070-023,FRUITVALE,0.01170983
070-024,FRUITVALE,0.01170983
070-025,FRUITVALE,0.01170983
070-026,FRUITVALE,0.01170983
070-027,FRUITVALE,0.01170983
070-028,FRUITVALE,0.01170983
070-803,MOB HOME EXCL WATER DEBT,0.01118759
074-000,GREENFIELD UNION,0.01159484
074-001,GREENFIELD UNION,0.01159484
074-002,GREENFIELD UNION,0.01159484
074-003,GREENFIELD UNION,0.01196692
074-005,GREENFIELD UNION,0.01159484
074-006,GREENFIELD UNION,0.01159484
074-011,GREENFIELD UNION,0.01196692
074-012,GREENFIELD UNION,0.01159484
074-013,GREENFIELD UNION,0.01159484
074-014,GREENFIELD UNION,0.01159484
074-015,GREENFIELD UNION,0.01159484
074-017,GREENFIELD UNION,0.01159484
074-018,GREENFIELD UNION,0.01159484
074-020,GREENFIELD UNION,0.01159484
074-021,GREENFIELD UNION,0.01159484
074-023,GREENFIELD UNION,0.01159484
074-024,GREENFIELD UNION,0.01196692
074-025,GREENFIELD UNION,0.01196692
074-026,GREENFIELD UNION,0.01159484
074-028,GREENFIELD UNION,0.01159484
074-030,GREENFIELD UNION,0.01196692
074-806,MOB HOME EXCL WTR DEBT,0.01144468
082-000,KERNVILLE UNION,0.01144441
082-001,KERNVILLE UNION,0.01144441
082-002,KERNVILLE UNION,0.01144441
082-003,KERNVILLE UNION,0.01144441
082-004,KERNVILLE UNION,0.01144441
082-005,KERNVILLE UNION,0.01144441
082-006,KERNVILLE UNION,0.01144441
082-007,KERNVILLE UNION,0.01144441
082-008,KERNVILLE UNION,0.01144441
082-009,KERNVILLE UNION,0.01144441
082-010,KERNVILLE UNION,0.01144441
082-011,KERNVILLE UNION,0.01144441
084-001,EL TEJON UNION,0.01081988
084-002,EL TEJON UNION,0.01081988
084-006,EL TEJON UNION,0.01081988
084-007,EL TEJON UNION,0.01081988
084-016,EL TEJON UNION,0.01089823
084-017,EL TEJON UNION,0.01081988
084-018,EL TEJON UNION,0.01081988
084-019,EL TEJON UNION,0.01081988
084-023,EL TEJON UNION,0.01081988
084-027,EL TEJON UNION,0.01081988
084-028,EL TEJON UNION,0.01081988
084-029,EL TEJON UNION,0.01081988
084-030,EL TEJON UNION,0.01081988
084-031,EL TEJON UNION,0.01081988
084-036,EL TEJON UNION,0.01081988
084-037,EL TEJON UNION,0.01081988
084-038,EL TEJON UNION,0.01081988
084-039,EL TEJON UNION,0.01152478
084-040,EL TEJON UNION,0.01081988
084-041,EL TEJON UNION,0.01081988
084-042,EL TEJON UNION,0.01081988
084-043,EL TEJON UNION,0.01081988
084-044,EL TEJON UNION,0.01081988
085-001,RICHLAND - LERDO,0.01176260
085-002,RICHLAND - LERDO,0.01161244
085-003,RICHLAND - LERDO,0.01161244
085-004,RICHLAND - LERDO,0.01176260
085-005,RICHLAND - LERDO,0.01176260
085-006,RICHLAND - LERDO,0.01161244
085-007,RICHLAND - LERDO,0.01161244
085-008,RICHLAND - LERDO,0.01176260
085-009,RICHLAND - LERDO,0.01161244
085-011,RICHLAND - LERDO,0.01161244
085-012,RICHLAND - LERDO,0.01176260
085-013,RICHLAND - LERDO,0.01161244
085-015,RICHLAND - LERDO,0.01161244
085-016,RICHLAND - LERDO,0.01176260
085-017,RICHLAND - LERDO,0.01161244
085-018,RICHLAND - LERDO,0.01161244
085-019,RICHLAND - LERDO,0.01176260
085-020,RICHLAND - LERDO,0.01176260
085-021,RICHLAND - LERDO,0.01176260
085-023,RICHLAND - LERDO,0.01176260
085-024,RICHLAND-LERDO,0.01176260
085-025,RICHLAND-LERDO,0.01176260
085-026,RICHLAND-LERDO,0.01161244
085-027,RICHLAND-LERDO,0.01161244
085-028,RICHLAND-LERDO,0.01161244
085-029,RICHLAND-LERDO,0.01176260
085-030,RICHLAND-LERDO,0.01176260
086-000,LINNS VALLEY-POSO FLAT UNION,0.01092229
086-001,LINNS VALLEY-POSO FLAT UNION,0.01092229
086-002,LINNS VALLEY-POSO FLAT UNION,0.01092229
087-001,GORMAN/ANTELOPE VALLEY,0.01066548
088-000,LOST HILLS UNION,0.01129332
088-001,LOST HILLS UNION,0.01122510
088-002,LOST HILLS UNION,0.01146235
088-003,LOST HILLS UNION,0.01146235
088-005,LOST HILLS UNION,0.01139413
088-006,LOST HILLS UNION,0.01146235
088-007,LOST HILLS UNION,0.01146235
088-008,LOST HILLS UNION,0.01146235
088-009,LOST HILLS UNION,0.01146235
088-010,LOST HILLS UNION,0.01146235
088-011,LOST HILLS UNION,0.01146235
088-012,LOST HILLS UNION,0.01129332
088-013,LOST HILLS UNION,0.01146235
088-014,LOST HILLS UNION,0.01144348
088-015,LOST HILLS UNION,0.01129332
088-016,LOST HILLS UNION,0.01146235
088-017,LOST HILLS UNION,0.01129332
088-018,LOST HILLS UNION,0.01146235
088-019,LOST HILLS UNION,0.01144348
088-020,LOST HILLS UNION,0.01139413
088-021,LOST HILLS UNION,0.01122510
088-022,LOST HILLS UNION,0.01129332
088-023,LOST HILLS UNION,0.01146235
088-025,LOST HILLS UNION,0.01146235
088-026,LOST HILLS UNION,0.01146235
088-027,LOST HILLS UNION,0.01146235
088-028,LOST HILLS UNION,0.01146235
088-029,LOST HILLS UNION,0.01146235
088-030,LOST HILLS UNION,0.01146235
088-031,LOST HILLS UNION,0.01146235
088-032,LOST HILLS UNION,0.01146235
088-033,LOST HILLS UNION,0.01146235
088-034,LOST HILLS UNION,0.01146235
088-035,LOST HILLS UNION,0.01146235
088-036,LOST HILLS UNION,0.01146235
088-037,LOST HILLS UNION,0.01146235
088-803,MOB HOME EXCL WATER DEBT,0.01129332
088-825,MOB HOME EXCL WATER DEBT,0.01129332
089-001,MAPLE,0.01096470
089-002,MAPLE,0.01096470
089-003,MAPLE,0.01081454
089-004,MAPLE,0.01096470
089-005,MAPLE,0.01096470
089-006,MAPLE,0.01096470
089-007,MAPLE,0.01096470
089-008,MAPLE,0.01096470
089-009,MAPLE,0.01096470
089-010,MAPLE,0.01096470
089-011,MAPLE,0.01081454
089-012,MAPLE,0.01096470
089-013,MAPLE,0.01096470
089-014,MAPLE,0.01081454
091-001,MCFARLAND UNIFIED,0.01177143
091-002,MCFARLAND UNIFIED,0.01192159
091-003,MCFARLAND UNIFIED,0.01192159
091-004,MCFARLAND UNIFIED,0.01192159
091-005,MCFARLAND UNIFIED,0.01177143
091-006,MCFARLAND UNIFIED,0.01184978
091-007,MCFARLAND UNIFIED,0.01177143
091-008,MCFARLAND UNIFIED,0.01177143
091-009,MCFARLAND UNIFIED,0.01177143
091-010,MCFARLAND UNIFIED,0.01177143
091-011,MCFARLAND UNIFIED,0.01177143
091-012,MCFARLAND UNIFIED,0.01192159
091-013,MCFARLAND UNIFIED,0.01192159
091-014,MCFARLAND UNIFIED,0.01177143
091-016,MCFARLAND UNIFIED,0.01192159
091-017,MCFARLAND UNIFIED,0.01177143
091-018,MCFARLAND UNIFIED,0.01177143
091-019,MCFARLAND UNIFIED,0.01184978
091-020,MCFARLAND UNIFIED,0.01177143
091-021,MCFARLAND UNIFIED,0.01177143
091-022,MCFARLAND UNIFIED,0.01192159
091-023,MCFARLAND UNIFIED,0.01192159
091-025,MCFARLAND UNIFIED,0.01192159
091-026,MCFARLAND UNIFIED,0.01177143
091-027,MCFARLAND UNIFIED,0.01177143
091-029,MCFARLAND UNIFIED,0.01177143
091-030,MCFARLAND UNIFIED,0.01177143
091-031,MCFARLAND UNIFIED,0.01177143
091-032,MCFARLAND UNIFIED,0.01177143
093-001,MIDWAY,0.01086203
093-002,MIDWAY,0.01086203
093-003,MIDWAY,0.01086203
093-004,MIDWAY,0.01069300
094-001,MOJAVE UNIFIED,0.01102057
094-002,MOJAVE UNIFIED,0.01102057
094-003,MOJAVE UNIFIED,0.01102057
094-004,MOJAVE UNIFIED,0.01102057
094-005,MOJAVE UNIFIED,0.01156586
094-006,MOJAVE UNIFIED,0.01208364
094-007,MOJAVE UNIFIED,0.01137874
094-008,MOJAVE UNIFIED,0.01102057
094-009,MOJAVE UNIFIED,0.01102057
094-010,MOJAVE UNIFIED,0.01102057
094-011,MOJAVE UNIFIED,0.01102057
094-012,MOJAVE UNIFIED,0.01102057
094-013,MOJAVE UNIFIED,0.01102057
094-014,MOJAVE UNIFIED,0.01102057
094-015,MOJAVE UNIFIED,0.01262893
094-016,MOJAVE UNIFIED,0.01208364
094-017,MOJAVE UNIFIED,0.01086096
094-018,MOJAVE UNIFIED,0.01102057
094-019,MOJAVE UNIFIED,0.01262893
094-020,MOJAVE UNIFIED,0.01102057
094-021,MOJAVE UNIFIED,0.01086096
094-022,MOJAVE UNIFIED,0.01137874
094-023,MOJAVE UNIFIED,0.01031567
094-024,MOJAVE UNIFIED,0.01137874
094-026,MOJAVE UNIFIED,0.01086096
094-027,MOJAVE UNIFIED,0.01156586
094-028,MOJAVE UNIFIED,0.01031567
094-029,MOJAVE UNIFIED,0.01086096
094-030,MOJAVE UNIFIED,0.01102057
094-031,MOJAVE UNIFIED,0.01137874
094-032,MOJAVE UNIFIED,0.01208364
094-033,MOJAVE UNIFIED,0.01102057
094-034,MOJAVE UNIFIED,0.01208364
094-035,MOJAVE UNIFIED,0.01137874
094-036,MOJAVE UNIFIED,0.01102057
094-037,MOJAVE UNIFIED,0.01102057
094-038,MOJAVE UNIFIED,0.01102057
094-041,MOJAVE UNIFIED,0.01208364
094-042,MOJAVE UNIFIED,0.01102057
094-043,MOJAVE UNIFIED,0.01102057
094-045,MOJAVE UNIFIED,0.01208364
094-046,MOJAVE UNIFIED,0.01208364
094-047,MOJAVE UNIFIED,0.01102057
094-048,MOJAVE UNIFIED,0.01102057
094-049,MOJAVE UNIFIED,0.01208364
094-050,MOJAVE UNIFIED,0.01208364
094-051,MOJAVE UNIFIED,0.01192403
094-052,MOJAVE UNIFIED,0.01262893
094-053,MOJAVE UNIFIED,0.01208364
094-056,MOJAVE UNIFIED,0.01208364
094-057,MOJAVE UNIFIED,0.01208364
094-059,MOJAVE UNIFIED,0.01208364
094-060,MOJAVE UNIFIED,0.01102057
094-061,MOJAVE UNIFIED,0.01208364
094-062,MOJAVE UNIFIED,0.01102057
094-063,MOJAVE,0.01102057
094-064,MOJAVE UNIFIED,0.01156586
094-066,MOJAVE UNIFIED,0.01102057
094-803,MOB HOME EXCL WTR DEBT,0.01031567
094-804,MOB HOME EXCL WATER DEBT,0.01031567
096-001,LAMONT,0.01141801
096-002,LAMONT,0.01141801
096-003,LAMONT,0.01141801
096-004,LAMONT,0.01141801
096-006,LAMONT,0.01141801
096-007,LAMONT,0.01141801
096-008,LAMONT,0.01141801
096-010,LAMONT,0.01126785
096-011,LAMONT,0.01179009
096-012,LAMONT,0.01141801
096-013,LAMONT,0.01141801
096-014,LAMONT,0.01179009
096-015,LAMONT,0.01141801
096-016,LAMONT,0.01141801
096-017,LAMONT,0.01141801
096-018,LAMONT,0.01141801
096-019,LAMONT,0.01141801
096-020,LAMONT,0.01141801
096-021,LAMONT,0.01141801
096-022,LAMONT,0.01141801
096-023,LAMONT,0.01141801
096-024,LAMONT,0.01141801
096-025,LAMONT,0.01141801
096-026,LAMONT,0.01141801
096-027,LAMONT,0.01141801
096-028,LAMONT,0.01141801
096-029,LAMONT,0.01141801
096-030,LAMONT,0.01141801
096-801,MOB HOME EXCL WATER DEBT,0.01126785
096-804,MOB HOME EXCL WATER DEBT,0.01126785
096-812,MOB HOME EXCL WATER DEBT,0.01126785
098-001,MUROC UNIFIED,0.01162512
098-002,MUROC UNIFIED,0.01162512
098-003,MUROC UNIFIED,0.01162512
098-004,MUROC UNIFIED,0.01162512
098-005,MUROC UNIFIED,0.01162512
098-006,MUROC UNIFIED,0.01162512
098-007,MUROC UNIFIED,0.01162512
098-008,MUROC UNIFIED,0.01162512
098-009,MUROC UNIFIED,0.01162512
098-010,MUROC UNIFIED,0.01162512
098-011,MUROC UNIFIED,0.01162512
098-012,MUROC UNIFIED,0.01162512
098-013,MUROC UNIFIED,0.01162512
098-014,MUROC UNIFIED,0.01162512
098-015,MUROC UNIFIED,0.01162512
098-016,MUROC UNIFIED,0.01162512
098-017,MUROC UNIFIED,0.01162512
098-018,MUROC UNIFIED,0.01162512
098-019,MUROC UNIFIED,0.01162512
098-020,MUROC UNIFIED,0.01162512
098-021,MUROC UNIFIED,0.01162512
098-022,MUROC UNIFIED,0.01162512
098-023,MUROC UNIFIED,0.01162512
098-805,MOB HOME EXCL WATER DEBT,0.01092022
098-813,MOB HOME WATER DEBT,0.01092022
099-003,NORRIS,0.01109769
099-004,NORRIS,0.01146977
099-005,NORRIS,0.01146977
099-006,NORRIS,0.01146977
099-007,NORRIS,0.01146977
099-008,NORRIS,0.01146977
099-009,NORRIS,0.01146977
099-010,NORRIS,0.01146977
099-011,NORRIS,0.01109769
099-012,NORRIS,0.01146977
099-013,NORRIS,0.01146977
099-014,NORRIS,0.01146977
099-015,NORRIS,0.01146977
099-016,NORRIS,0.01146977
099-017,NORRIS,0.01146977
099-018,NORRIS,0.01146977
099-019,NORRIS,0.01146977
099-020,NORRIS,0.01146977
099-021,NORRIS,0.01146977
099-022,NORRIS,0.01146977
099-024,NORRIS,0.01109769
099-025,NORRIS,0.01109769
099-026,NORRIS,0.01146977
099-027,NORRIS,0.01109769
099-030,NORRIS,0.01109769
099-031,NORRIS,0.01146977
099-032,NORRIS,0.01146977
099-033,NORRIS,0.01109769
099-034,NORRIS,0.01146977
099-036,NORRIS,0.01109769
099-037,NORRIS,0.01146977
099-038,NORRIS,0.01146977
099-039,NORRIS,0.01146977
099-040,NORRIS,0.01146977
099-041,NORRIS,0.01146977
099-042,NORRIS,0.01109769
099-043,NORRIS,0.01146977
099-044,NORRIS,0.01109769
099-047,NORRIS,0.01109769
099-048,NORRIS,0.01109769
099-050,NORRIS,0.01109769
099-051,NORRIS,0.01109769
099-052,NORRIS,0.01109769
099-054,NORRIS,0.01109769
099-055,NORRIS,0.01109769
099-056,NORRIS,0.01109769
099-057,NORRIS,0.01109769
099-058,NORRIS,0.01109769
099-060,NORRIS,0.01109769
099-061,NORRIS,0.01146977
099-062,NORRIS,0.01109769
099-063,NORRIS,0.01146977
099-065,NORRIS,0.01094753
099-067,NORRIS,0.01109769
099-068,NORRIS,0.01109769
099-070,NORRIS,0.01109769
099-071,NORRIS,0.01146977
099-072,NORRIS,0.01109769
099-074,NORRIS,0.01146977
099-075,NORRIS,0.01109769
099-077,NORRIS,0.01109769
099-078,NORRIS,0.01109769
099-079,NORRIS,0.01146977
099-080,NORRIS,0.01146977
099-081,NORRIS,0.01109769
099-082,NORRIS,0.01146977
101-001,MC KITTRICK,0.01035229
101-002,MC KITTRICK,0.01035229
101-003,MC KITTRICK,0.01052132
101-004,MC KITTRICK,0.01052132
101-005,MC KITTRICK,0.01052132
101-006,MC KITTRICK,0.01052132
101-007,MC KITTRICK,0.01052132
101-008,MC KITTRICK,0.01035229
101-009,MC KITTRICK,0.01052132
108-001,POND,0.01092901
108-002,POND,0.01092901
108-003,POND,0.01077885
108-004,POND,0.01092901
108-005,POND,0.01094788
108-006,POND,0.01077885
108-007,POND,0.01092901
108-008,POND,0.01092901
108-009,POND,0.01092901
108-011,POND,0.01094788
108-012,POND,0.01092901
111-001,SIERRA SANDS UNIFIED OUTSIDE,0.01156682
111-002,SIERRA SANDS UNIFIED OUTSIDE,0.01156682
111-003,SIERRA SANDS UNIFIED OUTSIDE,0.01156682
111-004,SIERRA SANDS UNIFIED OUTSIDE,0.01156682
111-005,SIERRA SANDS UNIFIED OUTSIDE,0.01156682
111-006,SIERRA SANDS UNIFIED OUTSIDE,0.01156682
111-007,SIERRA SANDS UNIFIED OUTSIDE,0.01156682
111-008,SIERRA SANDS UNIFIED OUTSIDE,0.01156682
111-009,SIERRA SANDS UNIFIED OUTSIDE,0.01156682
111-010,SIERRA SANDS UNIFIED OUTSIDE,0.01156682
111-011,SIERRA SANDS UNIFIED OUTSIDE,0.01156682
111-012,SIERRA SANDS UNIFIED OUTSIDE,0.01156682
111-013,SIERRA SANDS UNIFIED OUTSIDE,0.01156682
111-014,SIERRA SANDS UNIFIED OUTSIDE,0.01156682
111-015,SIERRA SANDS UNIFIED OUTSIDE,0.01156682
111-016,SIERRA SANDS UNIFIED OUTSIDE,0.01156682
111-017,SIERRA SANDS UNIFIED OUTSIDE,0.01156682
111-018,SIERRA SANDS UNIFIED OUTSIDE,0.01156682
111-019,SIERRA SANDS UNIFIED OUT,0.01156682
111-020,SIERRA SANDS UNIFIED OUT,0.01156682
111-021,SIERRA SANDS UNIFIED OUTSIDE,0.01156682
111-022,SIERRA SANDS UNIFIED OUTSIDE,0.01156682
111-023,SIERRA SANDS UNIFIED OUTSIDE,0.01227172
111-024,SIERRA SANDS UNIFIED OUTSIDE,0.01227172
111-025,SIERRA SANDS UNIFIED OUTSIDE,0.01156682
114-002,RIO BRAVO GREELEY UNION,0.01114751
114-003,RIO BRAVO GREELEY UNION,0.01114751
114-004,RIO BRAVO GREELEY UNION,0.01114751
114-005,RIO BRAVO GREELEY UNION,0.01114751
114-006,RIO BRAVO GREELEY UNION,0.01114751
114-007,RIO BRAVO GREELEY UNION,0.01114751
114-008,RIO BRAVO GREELEY UNION,0.01114751
114-009,RIO BRAVO GREELEY UNION,0.01114751
114-010,RIO BRAVO GREELEY UNION,0.01114751
114-013,RIO BRAVO GREELEY UNION,0.01099735
114-014,RIO BRAVO GREELEY UNION,0.01114751
114-015,RIO BRAVO GREELEY UNION,0.01114751
114-016,RIO BRAVO GREELEY UNION,0.01114751
114-017,RIO BRAVO GREELEY UNION,0.01114751
114-018,RIO BRAVO GREELEY UNION,0.01114751
114-019,RIO BRAVO GREELEY UNION,0.01114751
114-020,RIO BRAVO GREELEY UNION,0.01114751
114-021,RIO BRAVO GREELEY UNION,0.01114751
114-022,RIO BRAVO GREELEY UNION,0.01114751
114-023,RIO BRAVO GREELEY UNION,0.01114751
114-025,RIO BRAVO GREELEY UNION,0.01114751
114-026,RIO BRAVO GREELEY UNION,0.01114751
114-027,RIO BRAVO GREELEY UNION,0.01114751
114-028,RIO BRAVO GREELEY UNION,0.01114751
114-029,RIO BRAVO GREELEY UNION,0.01114751
114-030,RIO BRAVO GREELEY UNION,0.01114751
114-031,RIO BRAVO GREELEY UNION,0.01114751
114-032,RIO BRAVO GREELEY UNION,0.01114751
114-033,RIO BRAVO GREELEY UNION,0.01114751
114-034,RIOBRAVO GREELEY UNION,0.01114751
114-035,RIOBRAVO GREELEY UNION,0.01114751
114-036,RIOBRAVO GREELEY UNION,0.01114751
114-037,RIO BRAVO GREELEY UNION,0.01114751
114-038,RIO BRAVO GREELEY,0.01114751
114-039,RIO BRAVO GREELEY,0.01114751
114-040,RIO BRAVO GREELEY,0.01114751
114-041,RIO BRAVO GREELEY,0.01114751
114-042,RIO BRAVO GREELEY,0.01114751
114-043,RIO BRAVO GREELEY,0.01114751
114-044,RIO BRAVO GREELEY,0.01114751
114-045,RIO BRAVO GREELEY,0.01114751
114-046,RIO BRAVO GREELEY,0.01114751
114-047,RIO BRAVO GREELEY,0.01114751
114-048,RIO BRAVO GREELEY,0.01114751
114-049,RIO BRAVO GREELEY,0.01114751
114-050,RIO BRAVO GREELEY,0.01114751
114-051,RIO BRAVO GREELEY,0.01114751
114-052,RIO BRAVO GREELEY UNION,0.01114751
114-053,RIO BRAVO GREELEY UNION,0.01114751
114-054,RIO BRAVO GREELEY UNION,0.01114751
114-055,RIO BRAVO GREELEY UNION,0.01114751
114-056,RIO BRAVO GREELEY UNION,0.01114751
114-057,RIO BRAVO GREELEY UNION,0.01114751
114-058,RIO BRAVO GREELEY UNION,0.01114751
114-060,RIO BRAVO GREELEY UNION,0.01114751
114-061,RIO BRAVO GREELEY UNION,0.01114751
114-062,RIO BRAVO GREELEY UNION,0.01114751
114-063,RIO BRAVO GREELEY UNION,0.01114751
114-064,RIO BRAVO GREELEY UNION,0.01114751
114-065,RIO BRAVO GREELEY UNION,0.01114751
114-066,RIO BRAVO GREELEY UNION,0.01114751
114-067,RIO BRAVO GREELEY UNION,0.01114751
114-068,RIO BRAVO GREELEY UNION,0.01114751
114-069,RIO BRAVO GREELY UNION,0.01114751
114-070,RIO BRAVO GREELEY UNION,0.01114751
114-071,RIO BRAVO GREELEY UNION,0.01114751
115-001,DI GIORGIO,0.01074632
115-002,DI GIORGIO,0.01074632
115-003,DI GIORGIO,0.01074632
115-004,DI GIORGIO,0.01074632
115-006,DI GIORGIO,0.01074632
115-007,DI GIORGIO,0.01074632
115-008,DI GIORGIO,0.01074632
115-010,DI GIORGIO,0.01074632
116-002,ROSEDALE,0.01089648
116-004,ROSEDALE UNION,0.01126856
116-005,ROSEDALE,0.01089648
116-006,ROSEDALE UNION,0.01089648
116-008,ROSEDALE UNION,0.01126856
116-009,ROSEDALE UNION,0.01089648
116-010,ROSEDALE UNION,0.01126856
116-012,ROSEDALE UNION,0.01126856
116-013,ROSEDALE UNION,0.01126856
116-015,ROSEDALE UNION,0.01089648
116-016,ROSEDALE UNION,0.01126856
116-017,ROSEDALE UNION,0.01089648
116-018,ROSEDALE UNION,0.01089648
116-019,ROSEDALE UNION,0.01126856
116-022,ROSEDALE UNION,0.01089648
116-023,ROSEDALE UNION,0.01089648
116-024,ROSEDALE UNION,0.01126856
116-026,ROSEDALE UNION,0.01126856
116-027,ROSEDALE UNION,0.01089648
116-028,ROSEDALE UNION,0.01089648
116-030,ROSEDALE,0.01089648
116-033,ROSEDALE UNION,0.01089648
116-035,ROSEDALE UNION,0.01126856
116-036,ROSEDALE UNION,0.01089648
116-037,ROSEDALE UNION,0.01089648
116-038,ROSEDALE UNION,0.01089648
116-039,ROSEDALE UNION,0.01126856
116-041,ROSEDALE UNION,0.01089648
116-042,ROSEDALE UNION,0.01089648
116-043,ROSEDALE UNION,0.01089648
116-044,ROSEDALE UNION,0.01089648
116-045,ROSEDALE UNION,0.01089648
116-046,ROSEDALE UNION,0.01089648
116-047,ROSEDALE UNION,0.01089648
116-048,ROSEDALE UNION,0.01126856
116-049,ROSEDALE UNION,0.01089648
116-050,ROSEDALE UNION,0.01126856
116-053,ROSEDALE UNION,0.01089648
116-054,ROSEDALE UNION,0.01089648
116-055,ROSEDALE UNION,0.01089648
116-056,ROSEDALE UNION,0.01089648
116-057,ROSEDALE,0.01089648
116-058,ROSEDALE,0.01089648
116-059,ROSEDALE UNION,0.01126856
116-061,ROSEDALE UNION,0.01089648
116-062,ROSEDALE UNION,0.01089648
116-063,ROSEDALE UNION,0.01089648
116-064,ROSEDALE UNION,0.01089648
116-065,ROSEDALE,0.01089648
116-066,ROSEDALE,0.01089648
116-067,ROSEDALE,0.01089648
116-068,ROSEDALE,0.01089648
116-069,ROSEDALE,0.01089648
116-070,ROSEDALE,0.01089648
116-071,ROSEDALE UNION,0.01089648
116-072,ROSEDALE UNION,0.01089648
116-074,ROSEDALE UNION,0.01089648
116-075,ROSEDALE,0.01089648
116-076,ROSEDALE UNION,0.01089648
116-077,ROSEDALE UNION,0.01089648
116-078,ROSEDALE,0.01089648
116-079,ROSEDALE,0.01089648
116-080,ROSEDALE,0.01089648
116-081,ROSEDALE,0.01089648
116-082,ROSEDALE,0.01089648
116-083,ROSEDALE,0.01126856
116-085,ROSEDALE,0.01089648
116-086,ROSEDALE,0.01089648
116-087,ROSEDALE,0.01089648
116-088,ROSEDALE,0.01089648
116-089,ROSEDALE UNION,0.01089648
116-090,ROSEDALE UNION,0.01089648
116-091,ROSEDALE UNION,0.01089648
116-092,ROSEDALE UNION,0.01089648
116-093,ROSEDALE UNION,0.01089648
116-094,ROSEDALE UNION,0.01089648
116-095,ROSEDALE UNION,0.01089648
116-096,ROSEDALE UNION,0.01089648
116-098,ROSEDALE,0.01089648
116-099,ROSEDALE,0.01089648
116-100,ROSEDALE UNION,0.01089648
116-101,ROSEDALE,0.01089648
116-102,ROSEDALE UNION,0.01089648
116-103,ROSEDALE UNION,0.01089648
116-104,ROSEDALE UNION,0.01089648
116-105,ROSEDALE UNION,0.01089648
116-106,ROSEDALE,0.01089648
116-802,MOB HOME EXCL WATER DEBT,0.01074632
116-862,MOB HOME EXCL WATER DEBT,0.01074632
117-001,SEMITROPIC,0.01096470
117-002,SEMITROPIC,0.01096470
117-003,SEMITROPIC,0.01096470
117-004,SEMITROPIC,0.01098357
117-005,SEMITROPIC,0.01096470
117-006,SEMITROPIC,0.01096470
117-007,SEMITROPIC,0.01096470
117-008,SEMITROPIC,0.01098357
117-009,SEMITROPIC,0.01096470
117-010,SEMITROPIC,0.01096470
117-011,SEMITROPIC,0.01096470
117-012,SEMITROPIC,0.01096470
117-013,SEMITROPIC,0.01096470
117-014,SEMITROPIC,0.01098357
117-015,SEMITROPIC,0.01096470
118-000,GENERAL SHAFTER,0.01113673
118-001,GENERAL SHAFTER,0.01098657
118-002,GENERAL SHAFTER,0.01113673
118-003,GENERAL SHAFTER,0.01113673
118-005,GENERAL SHAFTER,0.01098657
118-006,GENERAL SHAFTER,0.01098657
118-007,GENERAL SHAFTER,0.01098657
118-008,GENERAL SHAFTER,0.01113673
118-009,GENERAL SHAFTER,0.01113673
118-010,GENERAL SHAFTER,0.01113673
118-011,GENERAL SHAFTER,0.01113673
118-012,GENERAL SHAFTER,0.01113673
118-013,GENERAL SHAFTER,0.01098657
118-014,GENERAL SHAFTER,0.01113673
118-015,GENERAL SHAFTER,0.01113673
118-016,GENERAL SHAFTER,0.01098657
118-017,GENERAL SHAFTER,0.01098657
118-018,GENERAL SHAFTER,0.01113673
118-019,GENERAL SHAFTER,0.01113673
118-020,GENERAL SHAFTER,0.01098657
118-021,GENERAL SHAFTER,0.01113673
118-022,GENERAL SHAFTER,0.01113673
118-023,GENERAL SHAFTER,0.01098657
118-024,GENERAL SHAFTER,0.01113673
118-025,GENERAL SHAFTER,0.01113673
118-026,GENERAL SHAFTER,0.01113673
118-027,GENERAL SHAFTER,0.01098657
118-028,SHAFTER,0.01098657
118-029,GENERAL SHAFTER,0.01098657
118-030,GENERAL SHAFTER,0.01098657
118-031,GENERAL SHAFTER,0.01113673
119-001,SO KERN CO UNIFIED,0.01272086
119-002,SO KERN CO UNIFIED,0.01272086
119-003,SO KERN CO UNIFIED,0.01272086
119-004,SO KERN CO UNIFIED,0.01272086
119-005,SO KERN CO UNIFIED,0.01272086
119-006,SO KERN CO UNIFIED,0.01272086
119-007,SO KERN CO UNIFIED,0.01272086
119-008,SO KERN CO UNIFIED,0.01201596
119-009,SO KERN CO UNIFIED,0.01201596
119-010,SO KERN CO UNIFIED,0.01272086
119-011,SO KERN CO UNIFIED,0.01272086
119-012,SO KERN CO UNIFIED,0.01272086
119-013,SO KERN CO UNIFIED,0.01272086
119-014,SO KERN CO UNIFIED,0.01272086
119-016,SO KERN CO UNIFIED,0.01272086
119-017,SO KERN CO UNIFIED,0.01272086
119-018,SO KERN CO UNIFIED,0.01272086
119-019,SOUTHERN KERN UNIFIED,0.01272086
119-020,SOUTHERN KERN UNIFIED,0.01272086
119-021,SO KERN CO UNIFIED,0.01272086
119-022,SOUTHERN KERN UNIFIED,0.01272086
119-023,SOUTHERN KERN UNIFIED,0.01272086
119-024,SO KERN CO UNIFIED,0.01272086
119-025,SO KERN CO UNIFIED,0.01272086
119-026,SO KERN CO UNIFIED,0.01272086
119-027,SO KERN CO UNIFIED,0.01272086
119-028,SO KERN CO UNIFIED,0.01272086
119-029,SO KERN CO UNIFIED,0.01272086
119-030,SO KERN CO UNIFIED,0.01272086
119-031,SO KERN CO UNIFIED,0.01272086
119-032,SOUTHERN KERN UNIFIED,0.01272086
119-033,SOUTHERN KERN UNIFIED,0.01272086
119-034,SOUTHERN KERN UNIFIED,0.01272086
119-035,SOUTHERN KERN UNIFIED,0.01272086
119-036,SOUTHERN KERN UNIFIED,0.01272086
119-038,SOUTHERN KERN UNIFIED,0.01272086
119-039,SOUTHERN KERN UNIFIED,0.01272086
119-044,SOUTHERN KERN UNIFIELD,0.01272086
119-045,SOUTHERN KERN UNIFIED,0.01272086
119-046,SOUTHERN KERN UNIFIED,0.01272086
119-047,SOUTHERN KERN UNIFIED,0.01272086
119-048,SOUTHERN KERN UNIFIED,0.01272086
119-049,SOUTHERN KERN UNIFIED,0.01272086
119-050,SOUTHERN KERN UNIFIED,0.01272086
119-053,SOUTHERN KERN UNIFIED,0.01272086
119-054,SOUTHERN KERN UNIFIED,0.01272086
119-055,SOUTHERN KERN UNIFIED,0.01272086
119-056,SOUTHERN KERN UNIFIED,0.01272086
119-057,SOUTHERN KERN UNIFIED,0.01272086
119-059,SOUTHERN KERN UNIFIED,0.01272086
119-060,SOUTHERN KERN UNIFIED,0.01272086
119-061,SOUTHERN KERN UNIFIED,0.01272086
119-062,SOUTHERN KERN UNIFIED,0.01272086
119-063,SOUTHERN KERN UNIFIED,0.01272086
119-065,SOUTHERN KERN UNIFIED,0.01272086
119-066,SOUTHERN KERN UNIFIED,0.01272086
119-067,SOUTHERN KERN UNIFIED,0.01272086
119-069,SOUTHERN KERN UNIFIED,0.01272086
119-070,SOUTHERN KERN UNIFIED,0.01272086
119-071,SOUTHERN KERN UNIFIED,0.01272086
119-072,SOUTHERN KERN UNIFIED,0.01272086
119-073,SOUTHERN KERN UNIFIED,0.01272086
119-074,SOUTHERN KERN UNIFIED,0.01272086
119-075,SOUTHERN KERN UNIFIED,0.01272086
119-076,SOUTHERN KERN UNIFIED,0.01272086
119-077,SOUTHERN KERN UNIFIED,0.01272086
119-078,SOUTHERN KERN UNIFIED,0.01272086
119-079,SOUTHERN KERN UNIFIED,0.01272086
119-080,SOUTHERN KERN UNIFIED,0.01272086
119-081,SOUTHERN KERN UNIFIED,0.01272086
119-082,SOUTHERN KERN UNIFIED,0.01272086
119-084,SOUTHERN KERN UNIFIED,0.01272086
119-085,SOUTHERN KERN UNIFIED,0.01272086
119-086,SOUTHERN KERN UNIFIED,0.01272086
119-087,SOUTHERN KERN UNIFIED,0.01272086
119-088,SOUTHERN KERN UNIFIED,0.01272086
119-090,SOUTHERN KERN UNIFIED,0.01272086
119-091,SOUTHERN KERN UNIFIED,0.01272086
119-092,SOUTHERN KERN UNIFIED,0.01272086
119-093,SOUTHERN KERN UNIFIED,0.01272086
119-095,SO KERN CO UNIFIED,0.01272086
119-096,SOUTHERN KERN COUNTY UNIFIED,0.01272086
119-097,SO KERN CO UNIFIED,0.01272086
119-098,SO KERN CO UNIFIED,0.01272086
119-099,SO KERN CO UNIFIED,0.01272086
119-100,SOUTHERN KERN UNIFIED,0.01272086
119-101,SOUTHERN KERN UNIFIED,0.01272086
119-102,SOUTHERN KERN UNIFIED,0.01272086
119-103,SOUTHERN KERN UNIFIED,0.01272086
119-104,SOUTHERN KERN UNIFIED,0.01272086
119-105,SOUTHERN KERN UNIFIED,0.01272086
119-106,SOUTHERN KERN UNIFIED,0.01272086
119-107,SOUTHERN KERN UNIFIED,0.01272086
119-108,SOUTHERN KERN UNIFIED,0.01272086
119-109,SOUTHERN KERN UNIFIED,0.01272086
119-110,SOUTHERN KERN UNIFIED,0.01272086
119-111,SOUTHERN KERN UNIFIED,0.01272086
119-112,SOUTHERN KERN UNIFIED,0.01272086
119-113,SOUTHERN KERN UNIFIED,0.01272086
119-114,SOUTHERN KERN UNIFIED,0.01272086
119-115,SOUTHERN KERN UNIFIED,0.01272086
119-116,SOUTHERN KERN UNIFIED,0.01272086
119-117,SOUTHERN KERN UNIFIED,0.01272086
119-118,SOUTHERN KERN UNIFIED,0.01272086
119-120,SOUTHERN KERN UNIFIED,0.01272086
119-121,SOUTHERN KERN UNIFIED,0.01272086
119-802,MOB HOME EXCL WATER DEBT,0.01201596
119-804,MOB HOME EXCL WATER DEBT,0.01201596
119-806,MOB HOME EXCL WATER DEBT,0.01201596
119-810,MOB HOME EXCL WATER DEBT,0.01201596
119-813,MOB HOME EXCL WATER DEBT,0.01201596
119-816,MOB HOME EXCL WATER DEBT,0.01201596
119-818,MOB HOME EXCL WATER DEBT,0.01201596
119-820,MOB HOME EXCL WATER DEBT,0.01201596
119-826,MOB HOME EXCL WATER DEBT,0.01201596
119-855,MOB HOME EXCL WATER DEBT,0.01201596
119-887,MOB HOME EXCL WATER DEBT,0.01201596
120-001,SOUTH FORK UNION,0.01098069
120-002,SOUTH FORK UNION,0.01098069
120-003,SOUTH FORK UNION,0.01098069
120-004,SOUTH FORK UNION,0.01098069
120-005,SOUTH FORK UNION,0.01098069
120-006,SOUTH FORK UNION,0.01098069
120-007,SOUTH FORK UNION,0.01098069
120-008,SOUTH FORK UNION,0.01098069
120-009,SOUTH FORK UNION,0.01098069
120-010,SOUTH FORK UNION,0.01098069
120-011,SOUTH FORK UNION,0.01098069
120-012,SOUTH FORK UNION,0.01098069
120-013,SOUTH FORK UNION,0.01098069
120-014,SOUTH FORK UNION,0.01098069
120-016,SOUTH FORK UNION,0.01098069
120-017,SOUTH FORK UNION,0.01098069
121-001,STANDARD,0.01166514
121-002,STANDARD,0.01203722
121-003,STANDARD,0.01203722
121-004,STANDARD,0.01203722
121-005,STANDARD,0.01203722
121-006,STANDARD,0.01203722
121-007,STANDARD,0.01203722
121-008,STANDARD,0.01203722
121-009,STANDARD,0.01151498
121-010,STANDARD,0.01203722
121-011,STANDARD,0.01203722
121-012,STANDARD,0.01203722
121-013,STANDARD,0.01203722
121-014,STANDARD,0.01203722
121-015,STANDARD,0.01203722
121-017,STANDARD,0.01203722
121-018,STANDARD,0.01203722
121-019,STANDARD,0.01203722
121-020,STANDARD,0.01203722
121-021,STANDARD,0.01203722
121-022,STANDARD,0.01203722
121-024,STANDARD,0.01203722
121-025,STANDARD,0.01203722
121-026,STANDARD,0.01203722
121-027,STANDARD,0.01203722
121-029,STANDARD,0.01203722
121-035,STANDARD,0.01203722
121-036,STANDARD,0.01203722
121-037,STANDARD,0.01203722
121-038,STANDARD,0.01203722
121-040,STANDARD,0.01166514
121-041,STANDARD,0.01203722
121-042,STANDARD,0.01203722
121-043,STANDARD,0.01203722
121-045,STANDARD,0.01203722
121-046,STANDARD,0.01203722
121-047,STANDARD,0.01203722
121-048,STANDARD,0.01203722
121-050,STANDARD,0.01203722
121-051,STANDARD,0.01203722
121-053,STANDARD,0.01203722
121-055,STANDARD,0.01203722
121-056,STANDARD,0.01203722
121-057,STANDARD,0.01203722
121-058,STANDARD,0.01203722
121-059,STANDARD,0.01203722
121-060,STANDARD,0.01203722
121-061,STANDARD,0.01203722
121-063,STANDARD,0.01203722
121-064,STANDARD,0.01203722
121-069,STANDARD,0.01203722
121-070,STANDARD,0.01203722
121-071,STANDARD,0.01203722
121-072,STANDARD,0.01203722
121-813,MOB HOME EXCL WATER DEBT,0.01151498
121-820,MOB HOME EXCL WATER DEBT,0.01151498
124-001,TAFT OUTSIDE,0.01183850
124-002,TAFT OUTSIDE,0.01183850
124-003,TAFT OUTSIDE,0.01183850
124-004,TAFT OUTSIDE,0.01183850
124-005,TAFT OUTSIDE,0.01183850
124-006,TAFT OUTSIDE,0.01181963
124-007,TAFT OUTSIDE,0.01183850
124-008,TAFT OUTSIDE,0.01183850
124-009,TAFT OUTSIDE,0.01183850
124-010,TAFT OUTSIDE,0.01166947
124-012,TAFT OUTSIDE,0.01181963
124-013,TAFT OUTSIDE,0.01183850
124-014,TAFT OUTSIDE,0.01181963
124-016,TAFT OUTSIDE,0.01183850
124-017,TAFT OUTSIDE,0.01183850
124-018,TAFT OUTSIDE,0.01183850
124-019,TAFT OUTSIDE,0.01183850
124-020,TAFT OUTSIDE,0.01183850
124-021,TAFT OUTSIDE,0.01183850
124-022,TAFT OUTSIDE,0.01181963
124-023,TAFT OUTSIDE,0.01181963
124-024,TAFT OUTSIDE,0.01183850
124-025,TAFT OUTSIDE,0.01183850
124-026,TAFT OUTSIDE,0.01181963
124-028,TAFT OUTSIDE,0.01181963
124-029,TAFT OUTSIDE,0.01181963
124-030,TAFT OUTSIDE,0.01181963
124-031,TAFT OUTSIDE,0.01181963
124-032,TAFT OUTSIDE,0.01181963
124-033,TAFT OUTSIDE,0.01181963
124-034,TAFT OUTSIDE,0.01183850
124-035,TAFT OUTSIDE,0.01183850
124-036,TAFT OUTSIDE,0.01183850
124-805,MOB HOME EXCL WATER DEBT,0.01166947
125-000,TEHACHAPI UNIFIED,0.01086096
125-001,TEHACHAPI UNIFIED,0.01146271
125-002,TEHACHAPI UNIFIED,0.01031567
125-003,TEHACHAPI UNIFIED,0.01031567
125-004,TEHACHAPI UNIFIED,0.01146271
125-005,TEHACHAPI UNIFIED,0.01146271
125-006,TEHACHAPI UNIFIED,0.01146271
125-007,TEHACHAPI UNIFIED,0.01146271
125-008,TEHACHAPI UNIFIED,0.01086096
125-009,TEHACHAPI UNIFIED,0.01146271
125-011,TEHACHAPI UNIFIED,0.01156586
125-012,TEHACHAPI UNIFIED,0.01102057
125-013,TEHACHAPI UNIFIED,0.01146271
125-014,TEHACHAPI UNIFIED,0.01146271
125-016,TEHACHAPI UNIFIED,0.01146271
125-017,TEHACHAPI UNIFIED,0.01146271
125-018,TEHACHAPI UNIFIED,0.01086096
125-019,TEHACHAPI UNIFIED,0.01086096
125-020,TEHACHAPI UNIFIED,0.01086096
125-021,TEHACHAPI UNIFIED,0.01086096
125-022,TEHACHAPI UNIFIED,0.01146271
125-023,TEHACHAPI UNIFIED,0.01146271
125-024,TEHACHAPI UNIFIED,0.01086096
125-025,TEHACHAPI UNIFIED,0.01086096
125-026,TEHACHAPI UNIFIED,0.01146271
125-027,TEHACHAPI UNIFIED,0.01146271
125-029,TEHACHAPI UNIFIED,0.01146271
125-030,TEHACHAPI UNIFIED,0.01091742
125-031,TEHACHAPI UNIFIED,0.01146271
125-032,TEHACHAPI UNIFIED,0.01146271
125-033,TEHACHAPI UNIFIED,0.01146271
125-034,TEHACHAPI UNIFIED,0.01146271
125-035,TEHACHAPI UNIFIED,0.01146271
125-036,TEHACHAPI UNIFIED,0.01146271
125-037,TEHACHAPI UNIFIED,0.01146271
125-038,TEHACHAPI UNIFIED,0.01146271
125-039,TEHACHAPI UNIFIED,0.01146271
125-040,TEHACHAPI UNIFIED,0.01146271
125-041,TEHACHAPI UNIFIED,0.01146271
125-042,TEHACHAPI UNIFIED,0.01146271
125-043,TEHACHAPI UNIFIED,0.01146271
125-044,TEHACHAPI UNIFIED,0.01146271
125-045,TEHACHAPI UNIFIED,0.01146271
125-046,TEHACHAPI UNIFIED,0.01146271
125-047,TEHACHAPI UNIFIED,0.01146271
125-048,TEHACHAPI UNIFIED,0.01146271
125-051,TEHACHAPI UNIFIED,0.01146271
125-052,TEHACHAPI UNIFIED,0.01086096
125-053,TEHACHAPI UNIFIED,0.01146271
125-054,TEHACHAPI UNIFIED,0.01146271
125-055,TEHACHAPI UNIFIED,0.01146271
125-056,TEHACHAPI UNIFIED,0.01146271
125-057,TEHACHAPI UNIFIED,0.01146271
125-059,TEHACHAPI UNIFIED,0.01091742
125-060,TEHACHAPI UNIFIED,0.01031567
125-061,TEHACHAPI UNIFIED,0.01091742
125-062,TEHACHAPI UNIFIED,0.01091742
125-063,TEHACHAPI UNIFIED,0.01091742
125-065,TEHACHAPI UNIFIED,0.01091742
125-066,TEHACHAPI UNIFIED,0.01146271
125-067,TEHACHAPI UNIFIED,0.01146271
125-068,TEHACHAPI UNIFIED,0.01146271
125-069,TEHACHAPI UNIFIED,0.01146271
125-070,TEHACHAPI UNIFIED,0.01146271
125-072,TEHACHAPI UNIFIED,0.01146271
125-073,TEHACHAPI INIFIED,0.01146271
125-074,TEHACHAPI UNIFIED,0.01146271
125-075,TEHACHAPI UNIFIED,0.01146271
125-814,MOB HOME EXCL WATER DEBT,0.01086096
129-000,VINELAND,0.01127687
129-001,VINELAND,0.01127687
129-002,VINELAND,0.01127687
129-003,VINELAND,0.01127687
129-005,VINELAND,0.01127687
129-006,VINELAND,0.01112671
129-007,VINELAND,0.01127687
129-009,VINELAND,0.01127687
129-011,VINELAND,0.01127687
129-012,VINELAND,0.01127687
129-014,VINELAND,0.01127687
129-015,VINELAND,0.01127687
129-018,VINELAND,0.01127687
129-019,VINELAND,0.01127687
129-020,VINELAND,0.01127687
129-021,VINELAND,0.01127687
129-022,VINELAND,0.01091812
129-803,MOB HOME EXCL WTR DEBT,0.01112671
129-809,MOB HOME EXCL WATER DEBT,0.01112671
130-001,WASCO,0.01180491
130-002,WASCO,0.01165475
130-004,WASCO,0.01165475
130-005,WASCO,0.01165475
130-006,WASCO,0.01180491
130-007,WASCO,0.01180491
130-008,WASCO,0.01180491
130-009,WASCO,0.01180491
130-010,WASCO,0.01180491
130-011,WASCO,0.01180491
130-012,WASCO,0.01165475
130-014,WASCO,0.01165475
130-016,WASCO,0.01180491
130-017,WASCO,0.01165475
130-018,WASCO,0.01165475
130-020,WASCO,0.01165475
130-021,WASCO,0.01180491
130-022,WASCO,0.01180491
130-023,WASCO,0.01165475
130-024,WASCO,0.01180491
130-025,WASCO,0.01165475
130-026,WASCO,0.01165475
134-002,MARICOPA UNIFIED,0.01035229
134-003,MARICOPA UNIFIED,0.01035229
134-004,MARICOPA UNIFIED,0.01052132
134-005,MARICOPA UNIFIED,0.01035229
134-006,MARICOPA UNIFIED,0.01050245
134-007,MARICOPA UNIFIED,0.01052132
134-008,MARICOPA UNIFIED,0.01050245
134-009,MARICOPA UNIFIED,0.01052132
134-010,MARICOPA UNIFIED,0.01050245
134-012,MARICOPA UNIFIED,0.01035229
134-013,MARICOPA UNIFIED,0.01052132
134-014,MARICOPA UNIFIED,0.01035229
134-015,MARICOPA UNIFIED,0.01035229
134-016,MARICOPA UNIFIED,0.01035229
134-017,MARICOPA UNIFIED,0.01052132
134-018,MARICOPA UNIFIED,0.01035229
134-019,MARICOPA UNIFIED,0.01052132
134-021,MARICOPA UNIFIED,0.01035229
134-022,MARICOPA UNIFIED,0.01050245
134-023,MARICOPA UNIFIED,0.01050245
134-024,MARICOPA UNIFIED,0.01035229
134-025,MARICOPA UNIFIED,0.01050245
134-026,MARICOPA UNIFIED,0.01050245
134-027,MARICOPA UNIFIED,0.01050245
134-028,MARICOPA UNIFIED,0.01050245
134-029,MARICOPA UNIFIED,0.01035229
134-030,MARICOPA UNIFIED,0.01050245
135-001,LAKESIDE UNION,0.01116253
135-002,LAKESIDE UNION,0.01116253
135-003,LAKESIDE UNION,0.01118140
135-004,LAKESIDE UNION,0.01116253
135-005,LAKESIDE UNION,0.01116253
135-006,LAKESIDE UNION,0.01116253
135-007,LAKESIDE UNION,0.01116253
135-008,LAKESIDE UNION,0.01116253
135-009,LAKESIDE UNION,0.01118140
135-010,LAKESIDE UNION,0.01116253
135-011,LAKESIDE UNION,0.01118140
135-012,LAKESIDE UNION,0.01116253
135-013,LAKESIDE UNION,0.01116253
135-014,LAKESIDE UNION,0.01118140
